time,engine,ticker,side,amount,price,size,fee,pnl,reason
2026-09-27 10:32:18,횡보,KRW-DOGE,buy,500000.0,130.2739555361654,3836.1466644901575,250.0,,
2026-09-27 11:48:08,횡보,KRW-DOGE,sell,506371.35971270077,132.0,3836.1466644901575,503.18567985635036,6118.174032844428,시간만료
2026-09-27 22:45:26,횡보,KRW-TRX,buy,500000.0,453.0649138429245,1103.0428195401178,250.0,,
2026-09-28 00:06:21,횡보,KRW-TRX,sell,500781.44007121347,454.0,1103.0428195401178,500.3907200356067,531.0493511778768,시간만료
2026-09-29 21:01:21,횡보,KRW-TRX,buy,500000.0,454.2739555361659,1100.1070915680386,250.0,,
2026-09-29 22:17:11,횡보,KRW-TRX,sell,499448.6195718895,454.0,1100.1070915680386,499.7243097859448,-801.104737896414,시간만료
2026-09-30 00:18:33,횡보,KRW-ADA,buy,500000.0,336.1711702992663,1486.5938669134316,250.0,,
2026-09-30 00:33:43,횡보,KRW-DOT,buy,500000.0,1605.8849097608274,311.1991382212006,250.0,,
2026-09-30 01:34:23,횡보,KRW-ADA,sell,492062.5699483459,331.0,1486.5938669134316,496.031284974173,-8183.461336628301,시간만료
2026-09-30 01:49:33,횡보,KRW-DOT,sell,495429.02804815135,1592.0,311.1991382212006,497.7145140240757,-4818.686465872743,시간만료
2026-09-30 09:04:24,횡보,KRW-TRX,buy,500000.0,453.2739555361652,1102.5341162804282,250.0,,
2026-09-30 09:19:34,횡보,KRW-LINK,buy,500000.0,19598.03276580672,25.50000839226725,250.0,,
2026-09-30 10:20:14,횡보,KRW-TRX,sell,501653.0229075948,455.0,1102.5341162804282,500.82651145379737,1402.196396141022,시간만료
2026-09-30 10:30:21,횡보,KRW-LINK,sell,500310.16465628345,19620.0,25.50000839226725,500.1550823281417,60.009573955321684,시간만료
2026-09-30 12:16:31,횡보,KRW-AVAX,buy,500000.0,15341.563917883981,32.574905835866645,250.0,,
2026-09-30 13:32:22,횡보,KRW-AVAX,sell,500676.30269727035,15370.0,32.574905835866645,500.33815134863517,425.9645459217136,시간만료
2026-09-30 15:18:33,횡보,KRW-BTC,buy,500000.0,112801706.26784988,0.004430340785921569,250.0,,
2026-09-30 15:18:33,횡보,KRW-ETH,buy,500000.0,3618039.7908042166,0.13812728131685797,250.0,,
2026-09-30 15:48:53,횡보,KRW-ADA,buy,500000.0,329.0854531544681,1518.60252469265,250.0,,
2026-09-30 16:34:23,횡보,KRW-BTC,sell,500703.8246024979,113017000.0,0.004430340785921569,500.35191230124894,453.47269019664964,시간만료
2026-09-30 16:34:23,횡보,KRW-ETH,sell,500849.522054927,3626000.0,0.13812728131685797,500.42476102746355,599.0972938995692,시간만료
2026-09-30 17:04:43,횡보,KRW-ADA,sell,504176.0381979598,332.0,1518.60252469265,502.0880190989799,3923.950178860803,시간만료
2026-10-01 04:17:16,횡보,KRW-DOGE,buy,500000.0,127.03798670292714,3933.8627206730207,250.0,,
2026-10-01 05:33:07,횡보,KRW-DOGE,sell,507468.2909668197,129.0,3933.8627206730207,503.73414548340986,7214.556821336271,시간만료
2026-10-01 09:00:25,횡보,KRW-BTC,buy,500000.0,113606569.14486322,0.004398953368292932,250.0,,
2026-10-01 10:16:15,횡보,KRW-BTC,sell,500411.7383168991,113757000.0,0.004398953368292932,500.20586915844956,161.53244774066843,시간만료
2026-10-01 16:20:22,횡보,KRW-LINK,buy,500000.0,19520.523822283514,25.601259707463072,250.0,,
2026-10-01 16:30:28,횡보,KRW-AVAX,buy,500000.0,14964.012489510204,33.396791158141944,250.0,,
2026-10-01 17:31:09,횡보,KRW-LINK,sell,495128.3627423358,19340.0,25.601259707463072,497.56418137116793,-5119.201439035358,시간만료
2026-10-01 17:46:19,횡보,KRW-AVAX,sell,504291.5464879434,15100.0,33.396791158141944,502.1457732439717,4039.4007146994118,시간만료
2026-10-01 22:04:10,횡보,KRW-SOL,buy,500000.0,159678.83157702594,3.1297197948178272,250.0,,
2026-10-01 22:19:20,횡보,KRW-XRP,buy,500000.0,2018.0208794860464,247.6436220656336,250.0,,
2026-10-01 23:20:01,횡보,KRW-SOL,sell,502945.97102722485,160700.0,3.1297197948178272,501.47298551361246,2694.498041711224,시간만료
2026-10-01 23:30:08,횡보,KRW-XRP,sell,501725.9783049737,2026.0,247.6436220656336,500.8629891524869,1475.1153158211964,시간만료
2026-10-02 01:51:42,횡보,KRW-LINK,buy,500000.0,19325.00389370128,25.860279394970092,250.0,,
2026-10-02 03:02:29,횡보,KRW-LINK,sell,503758.2426140174,19480.0,25.860279394970092,501.8791213070087,3506.3634927103994,시간만료
2026-10-03 16:49:28,횡보,KRW-XRP,buy,500000.0,2014.484659602363,248.07833488225475,250.0,,
2026-10-03 18:00:16,횡보,KRW-XRP,sell,500622.0797923901,2018.0,248.07833488225475,500.3110398961951,371.7687524938956,시간만료
2026-10-03 23:18:49,횡보,KRW-SOL,buy,500000.0,162096.3654454415,3.0830426001637043,250.0,,
2026-10-03 23:59:16,횡보,KRW-SOL,sell,501899.7103671859,162793.6345545585,3.0830426001637043,500.94985518359294,1648.7605120022781,상단익절
2026-10-04 08:19:49,횡보,KRW-ADA,buy,500000.0,331.4981918112088,1507.5497011597943,250.0,,
2026-10-04 08:19:49,횡보,KRW-TRX,buy,500000.0,455.1434382751234,1098.0055032627165,250.0,,
2026-10-04 09:35:40,횡보,KRW-ADA,sell,500506.50078505167,332.0,1507.5497011597943,500.25325039252584,256.2475346591673,시간만료
2026-10-04 09:35:40,횡보,KRW-TRX,sell,501788.5149910614,457.0,1098.0055032627165,500.8942574955307,1537.6207335658837,시간만료
2026-10-04 14:49:09,횡보,KRW-TRX,buy,500000.0,455.1740216479132,1097.9317277174646,250.0,,
2026-10-04 16:04:59,횡보,KRW-TRX,sell,500656.86783916387,456.0,1097.9317277174646,500.3284339195819,406.5394052442862,시간만료
2026-10-04 16:35:20,횡보,KRW-TRX,buy,500000.0,455.13051623593606,1098.0366777712034,250.0,,
2026-10-04 17:51:10,횡보,KRW-TRX,sell,499606.68838589755,455.0,1098.0366777712034,499.80334419294877,-643.114958295424,시간만료
2026-10-04 21:18:29,횡보,KRW-AVAX,buy,500000.0,14896.56340091128,33.54800611055221,250.0,,
2026-10-04 22:03:59,횡보,KRW-ADA,buy,500000.0,332.064913842937,1504.976825815377,250.0,,
2026-10-04 22:34:19,횡보,KRW-AVAX,sell,500200.7711083334,14910.0,33.54800611055221,500.1003855541667,-49.3292772207642,시간만료
2026-10-04 23:19:49,횡보,KRW-ADA,sell,499652.3061707052,332.0,1504.976825815377,499.8261530853526,-597.5199823801522,시간만료
2026-10-04 23:19:49,횡보,KRW-ADA,buy,500000.0,331.78196601125217,1506.2602889725817,250.0,,
2026-10-05 00:05:21,횡보,KRW-ADA,sell,503118.10039794486,334.0180339887478,1506.2602889725817,501.55905019897244,2866.541347745864,상단익절
2026-10-06 08:47:11,횡보,KRW-ETH,buy,500000.0,3667246.518453884,0.1362739039999676,250.0,,
2026-10-06 09:02:21,횡보,KRW-BTC,buy,500000.0,115963266.6325845,0.004309554348649017,250.0,,
2026-10-06 09:17:31,횡보,KRW-BTC,sell,501184.5072846115,116296133.3674155,0.004309554348649017,500.59225364230576,933.9150309691904,상단익절
2026-10-06 09:22:35,횡보,KRW-ETH,sell,500909.27707176213,3675753.481546116,0.1362739039999676,500.45463853588103,658.8224332262762,상단익절
2026-10-06 10:48:32,횡보,KRW-ETH,buy,500000.0,3662975.4209794123,0.1364328019068105,250.0,,
2026-10-06 12:04:22,횡보,KRW-ETH,sell,499207.62217701966,3659000.0,0.1364328019068105,499.6038110885098,-1041.9816340688267,시간만료
2026-10-06 23:32:03,횡보,KRW-ETH,buy,500000.0,3657417.68875316,0.13664012221977534,250.0,,
2026-10-07 00:47:53,횡보,KRW-ETH,sell,499966.207202158,3659000.0,0.13664012221977534,499.983103601079,-283.77590144309215,시간만료
2026-10-07 10:19:13,횡보,KRW-ETH,buy,500000.0,3647545.472238081,0.1370099437563312,250.0,,
2026-10-07 10:34:23,횡보,KRW-BTC,buy,500000.0,115599676.03772406,0.004323109001074663,250.0,,
2026-10-07 11:35:04,횡보,KRW-ETH,sell,488166.42960380804,3563000.0,0.1370099437563312,494.08321480190403,-12077.653610993875,시간만료
2026-10-07 11:45:11,횡보,KRW-BTC,sell,493699.04792272655,114200000.0,0.004323109001074663,496.8495239613633,-6547.8016012348235,시간만료
2026-10-07 18:49:53,횡보,KRW-DOGE,buy,500000.0,121.23416814711582,4122.187726760008,250.0,,
2026-10-07 20:00:41,횡보,KRW-DOGE,sell,502906.902664721,122.0,4122.187726760008,501.4534513323605,2655.449213388667,시간만료
2026-10-08 06:47:52,횡보,KRW-AVAX,buy,500000.0,15051.278055256063,33.20316043364052,250.0,,
2026-10-08 08:03:42,횡보,KRW-AVAX,sell,503027.8805696539,15150.0,33.20316043364052,501.51394028482696,2776.366629369033,시간만료
2026-10-08 09:19:33,횡보,KRW-BTC,buy,500000.0,113273898.02888452,0.004411872538124937,250.0,,
2026-10-08 09:49:53,횡보,KRW-ETH,buy,500000.0,3492324.876997902,0.14309951611076882,250.0,,
2026-10-08 10:30:21,횡보,KRW-BTC,sell,499538.6800017341,113226000.0,0.004411872538124937,499.76934000086703,-711.0893382667564,시간만료
2026-10-08 11:00:41,횡보,KRW-ETH,sell,502136.2020326878,3509000.0,0.14309951611076882,501.0681010163439,1885.1339316714439,시간만료
2026-10-09 00:04:24,횡보,KRW-DOGE,buy,500000.0,118.13934585420067,4230.174091337501,250.0,,
2026-10-09 00:04:24,횡보,KRW-DOT,buy,500000.0,1495.4452752651896,334.18140286770347,250.0,,
2026-10-09 01:15:12,횡보,KRW-DOGE,sell,486470.0205038126,115.0,4230.174091337501,493.23501025190626,-13773.21450643934,시간만료
2026-10-09 01:15:12,횡보,KRW-DOT,sell,474871.77347500663,1421.0,334.18140286770347,487.4358867375033,-25365.662411730853,시간만료
2026-10-09 19:47:36,횡보,KRW-BTC,buy,500000.0,112586446.57577685,0.004438811377385828,250.0,,
2026-10-09 19:47:36,횡보,KRW-ETH,buy,500000.0,3402799.494875143,0.14686436880946377,250.0,,
2026-10-09 19:47:36,횡보,KRW-XRP,buy,500000.0,1898.2844570814048,263.2640214356288,250.0,,
2026-10-09 19:47:36,횡보,KRW-SOL,buy,500000.0,149718.18469040154,3.3379378799804473,250.0,,
2026-10-09 19:47:36,횡보,KRW-LINK,buy,500000.0,17455.586575311514,28.629802719252442,250.0,,
2026-10-09 19:47:36,횡보,KRW-AVAX,buy,500000.0,14084.897937889104,35.4812652675066,250.0,,
2026-10-09 20:43:13,횡보,KRW-BTC,sell,502755.5495825893,113263553.42422315,0.004438811377385828,501.37777479129466,2504.171807798033,상단익절
2026-10-09 20:48:16,횡보,KRW-ETH,sell,504493.86748223234,3435100.505124857,0.14686436880946377,502.2469337411162,4241.62054849125,상단익절
2026-10-09 20:48:16,횡보,KRW-SOL,sell,508040.2047236967,152201.81530959846,3.3379378799804473,504.02010236184833,7786.184621334833,상단익절
2026-10-09 20:48:16,횡보,KRW-AVAX,sell,507456.6771487099,14302.102062110896,35.4812652675066,503.72833857435495,7202.948810135538,상단익절
2026-10-09 21:03:26,횡보,KRW-XRP,sell,503887.3370277936,1914.0,263.2640214356288,501.9436685138968,3635.3933592796675,시간만료
2026-10-09 21:03:26,횡보,KRW-LINK,sell,505029.71996761305,17640.0,28.629802719252442,502.51485998380656,4777.205107629241,시간만료
2026-10-10 04:49:05,횡보,KRW-ETH,buy,500000.0,3387373.8771902244,0.14753316820596582,250.0,,
2026-10-10 04:49:05,횡보,KRW-SOL,buy,500000.0,148651.03501046842,3.3619005744884736,250.0,,
2026-10-10 06:00:08,횡보,KRW-ETH,sell,501465.2387320778,3399000.0,0.14753316820596582,500.7326193660389,1214.5061127117951,시간만료
2026-10-10 06:05:17,횡보,KRW-SOL,sell,502267.94582857797,149400.0,3.3619005744884736,501.13397291428896,2016.8118556636618,시간만료
2026-10-10 09:48:45,횡보,KRW-TRX,buy,500000.0,453.0379867029248,1103.108380904284,250.0,,
2026-10-10 11:05:07,횡보,KRW-TRX,sell,499708.0965496407,453.0,1103.108380904284,499.85404827482034,-541.757498634106,시간만료
2026-10-10 12:46:16,횡보,KRW-ETH,buy,500000.0,3396180.650373818,0.14715059399004363,250.0,,
2026-10-10 14:02:13,횡보,KRW-ETH,sell,500164.8689721583,3399000.0,0.14715059399004363,500.08243448607914,-85.2134623277816,시간만료
2026-10-10 14:32:35,횡보,KRW-TRX,buy,500000.0,450.4921290905459,1109.3423563445956,250.0,,
2026-10-10 15:48:26,횡보,KRW-TRX,sell,500313.40271141264,451.0,1109.3423563445956,500.15670135570633,63.24601005692966,시간만료
