,open,high,low,close,volume,value
2023-06-12 09:00:00,6855.0,6865.0,6645.0,6790.0,335477.45835103,2267619128.5107093
2023-06-13 09:00:00,6790.0,7050.0,6740.0,6910.0,308010.19072462,2116026571.0093675
2023-06-14 09:00:00,6925.0,7195.0,6785.0,6885.0,536880.49425207,3752856032.9657106
2023-06-15 09:00:00,6885.0,7060.0,6765.0,6940.0,246300.0962052,1702101011.9869897
2023-06-16 09:00:00,6940.0,7065.0,6760.0,6975.0,274197.51182563,1892211575.2123442
2023-06-17 09:00:00,6980.0,7060.0,6845.0,6950.0,347383.93113281,2420077236.1443954
2023-06-18 09:00:00,6940.0,6950.0,6750.0,6755.0,351714.74374798,2411816549.745697
2023-06-19 09:00:00,6755.0,6795.0,6570.0,6720.0,577881.85215954,3870249557.032122
2023-06-20 09:00:00,6720.0,6885.0,6585.0,6875.0,657582.4123369,4422027300.911503
2023-06-21 09:00:00,6880.0,7295.0,6840.0,7245.0,828693.18973884,5848040926.693048
2023-06-22 09:00:00,7250.0,7600.0,7240.0,7280.0,621816.63643937,4613046190.5032425
2023-06-23 09:00:00,7275.0,8115.0,7275.0,8045.0,940000.16439595,7280605210.7446
2023-06-24 09:00:00,8045.0,8225.0,7905.0,8180.0,375545.15293992,3022406336.7882643
2023-06-25 09:00:00,8180.0,8470.0,8040.0,8145.0,450649.78595913,3732649053.6020594
2023-06-26 09:00:00,8150.0,8325.0,7905.0,8040.0,588623.05242333,4795991904.317863
2023-06-27 09:00:00,8040.0,8285.0,8020.0,8195.0,323575.54204888,2651397226.8006554
2023-06-28 09:00:00,8210.0,8210.0,7655.0,7720.0,373713.4222903,2976486732.299036
2023-06-29 09:00:00,7730.0,8240.0,7710.0,7865.0,569019.23404725,4566699814.424119
2023-06-30 09:00:00,7865.0,8600.0,7660.0,8410.0,1133202.35772608,9284148994.470173
2023-07-01 09:00:00,8410.0,8690.0,8150.0,8675.0,805095.51348988,6750649554.827772
2023-07-02 09:00:00,8675.0,8700.0,8430.0,8680.0,611584.54031607,5236472068.201972
2023-07-03 09:00:00,8680.0,8830.0,8585.0,8760.0,391706.34639021,3418785931.2781544
2023-07-04 09:00:00,8760.0,8760.0,8460.0,8610.0,339974.78117821,2926120350.2266874
2023-07-05 09:00:00,8610.0,8680.0,8225.0,8355.0,333749.59347976,2800494718.204376
2023-07-06 09:00:00,8350.0,8580.0,8100.0,8100.0,329007.42307277,2739002840.927492
2023-07-07 09:00:00,8115.0,8255.0,8040.0,8160.0,155728.76371204,1268500451.0267885
2023-07-08 09:00:00,8170.0,8240.0,8100.0,8200.0,139332.33775995,1138798518.0185974
2023-07-09 09:00:00,8205.0,8255.0,8095.0,8115.0,99623.90444394,814619263.0525925
2023-07-10 09:00:00,8120.0,8280.0,7965.0,8120.0,218684.07071883,1768311889.3238764
2023-07-11 09:00:00,8120.0,8200.0,8080.0,8125.0,154179.69030184,1252146928.519025
2023-07-12 09:00:00,8135.0,8300.0,8120.0,8185.0,215275.56033081,1761696155.4372504
2023-07-13 09:00:00,8195.0,9100.0,8095.0,9070.0,833584.72079938,7162660442.175058
2023-07-14 09:00:00,9070.0,9375.0,8660.0,8965.0,1176933.59216191,10743085800.708319
2023-07-15 09:00:00,8970.0,9000.0,8755.0,8895.0,258317.41627058,2294598756.731147
2023-07-16 09:00:00,8895.0,8895.0,8485.0,8520.0,241792.53310206,2103750685.1021202
2023-07-17 09:00:00,8520.0,9340.0,8355.0,9240.0,1174856.71115524,10414597176.816542
2023-07-18 09:00:00,9245.0,9390.0,8765.0,8900.0,998934.9047575,9091183622.856922
2023-07-19 09:00:00,8895.0,9040.0,8705.0,8865.0,472713.87358292,4198359989.9543543
2023-07-20 09:00:00,8865.0,10960.0,8840.0,10950.0,15624320.09535689,162277881197.31445
2023-07-21 09:00:00,10940.0,11250.0,10390.0,10570.0,9156786.66592537,97834857985.74413
2023-07-22 09:00:00,10550.0,10830.0,10030.0,10260.0,2478820.94826427,25886957926.617275
2023-07-23 09:00:00,10260.0,10470.0,10130.0,10220.0,1090493.81350793,11242253461.406403
2023-07-24 09:00:00,10210.0,10210.0,9660.0,9850.0,1014759.39442371,10093631565.555073
2023-07-25 09:00:00,9850.0,9925.0,9535.0,9600.0,435511.15121172,4234343320.320769
2023-07-26 09:00:00,9595.0,10150.0,9445.0,10000.0,2254088.46916442,22166600662.93613
2023-07-27 09:00:00,10000.0,10540.0,9910.0,10360.0,2534101.97563861,26161209357.966785
2023-07-28 09:00:00,10350.0,10480.0,10040.0,10060.0,1214401.72106194,12427998078.925827
2023-07-29 09:00:00,10060.0,10210.0,9990.0,10110.0,532622.07892388,5355609638.40544
2023-07-30 09:00:00,10140.0,10140.0,9580.0,9780.0,664382.2647695,6615491861.458998
2023-07-31 09:00:00,9775.0,9975.0,9660.0,9805.0,402060.26162796,3950123509.789438
2023-08-01 09:00:00,9805.0,9945.0,9535.0,9940.0,353561.04822574,3440985134.253778
2023-08-02 09:00:00,9940.0,10150.0,9665.0,9670.0,539232.27692897,5354345254.279808
2023-08-03 09:00:00,9670.0,9725.0,9365.0,9380.0,341134.61424527,3254338986.724715
2023-08-04 09:00:00,9380.0,9580.0,9310.0,9450.0,280491.0359705,2643292198.6960363
2023-08-05 09:00:00,9445.0,9605.0,9380.0,9560.0,234197.05234477,2228012292.1041
2023-08-06 09:00:00,9565.0,9620.0,9410.0,9420.0,157274.13013716,1494200539.030186
2023-08-07 09:00:00,9430.0,9790.0,9240.0,9685.0,356246.06063971,3389758416.2648444
2023-08-08 09:00:00,9685.0,9960.0,9630.0,9870.0,474151.55122135,4646706892.07692
2023-08-09 09:00:00,9875.0,10470.0,9780.0,10160.0,1103941.80471922,11264294452.006327
2023-08-10 09:00:00,10160.0,10250.0,9980.0,10100.0,396970.28072643,4020184818.440848
2023-08-11 09:00:00,10100.0,10140.0,9900.0,10010.0,169557.38449181,1702173148.5749688
2023-08-12 09:00:00,10010.0,10060.0,9870.0,9925.0,152424.50065286,1515218513.3992403
2023-08-13 09:00:00,9925.0,10070.0,9790.0,9835.0,230409.12407311,2293647663.0220356
2023-08-14 09:00:00,9835.0,10180.0,9760.0,9890.0,349693.20517082,3490130104.903078
2023-08-15 09:00:00,9895.0,9945.0,9350.0,9520.0,352066.43197639,3425591123.57813
2023-08-16 09:00:00,9515.0,9555.0,9020.0,9180.0,496872.00911438,4640480235.001633
2023-08-17 09:00:00,9180.0,9325.0,8335.0,8515.0,800063.88316692,7129002406.578765
2023-08-18 09:00:00,8510.0,8650.0,8320.0,8515.0,548058.61373724,4649349363.125007
2023-08-19 09:00:00,8515.0,8645.0,8460.0,8550.0,330203.52553877,2819919682.5164614
2023-08-20 09:00:00,8545.0,8560.0,8425.0,8530.0,244391.55897623,2079097189.922404
2023-08-21 09:00:00,8530.0,8570.0,8300.0,8460.0,266171.20194562,2254716876.3246946
2023-08-22 09:00:00,8465.0,8570.0,8110.0,8385.0,334758.72651976,2810202776.9847193
2023-08-23 09:00:00,8380.0,8740.0,8360.0,8640.0,370385.43673144,3173540031.327979
2023-08-24 09:00:00,8640.0,8650.0,8170.0,8275.0,298000.43067188,2501813342.84316
2023-08-25 09:00:00,8290.0,8290.0,8070.0,8190.0,357113.45654145,2909316698.0692754
2023-08-26 09:00:00,8190.0,8225.0,8115.0,8175.0,83940.51430042,686552740.3715088
2023-08-27 09:00:00,8170.0,8215.0,8100.0,8170.0,126194.29324349,1028498240.6862245
2023-08-28 09:00:00,8175.0,8190.0,7955.0,8100.0,254910.22180863,2054277300.7477422
2023-08-29 09:00:00,8105.0,8570.0,7930.0,8355.0,448937.20011782,3725228456.844276
2023-08-30 09:00:00,8370.0,8385.0,8010.0,8065.0,344778.96769263,2821911281.041786
2023-08-31 09:00:00,8060.0,8255.0,7890.0,8035.0,471506.79254094,3812566805.144918
2023-09-01 09:00:00,8050.0,8225.0,8015.0,8145.0,566050.95311128,4607206667.360072
2023-09-02 09:00:00,8145.0,8220.0,8020.0,8135.0,270319.25537407,2197618329.4338264
2023-09-03 09:00:00,8145.0,8250.0,8085.0,8190.0,196688.45873963,1607393880.2871501
2023-09-04 09:00:00,8205.0,8370.0,8085.0,8150.0,254300.03641373,2087759926.508474
2023-09-05 09:00:00,8150.0,8365.0,8035.0,8335.0,200848.76853279,1653868022.8457685
2023-09-06 09:00:00,8335.0,8620.0,8310.0,8560.0,292202.92298732,2463304893.4908047
2023-09-07 09:00:00,8575.0,8780.0,8440.0,8680.0,315358.21131426,2710358623.853484
2023-09-08 09:00:00,8675.0,8685.0,8390.0,8545.0,272905.60704137,2328453122.303393
2023-09-09 09:00:00,8545.0,8555.0,8375.0,8395.0,90406.29883585,765001773.2563515
2023-09-10 09:00:00,8395.0,8405.0,8145.0,8195.0,244186.79912045,2018344014.3577983
2023-09-11 09:00:00,8200.0,8215.0,7855.0,7950.0,242305.25971886,1946594377.417674
2023-09-12 09:00:00,7955.0,8245.0,7930.0,8075.0,196428.26462707,1587955330.231959
2023-09-13 09:00:00,8085.0,8250.0,8055.0,8145.0,191444.79809067,1556348136.6766586
2023-09-14 09:00:00,8160.0,8400.0,8125.0,8330.0,268552.58160687,2210912491.062797
2023-09-15 09:00:00,8325.0,8600.0,8265.0,8590.0,200551.31851063,1680202711.6936278
2023-09-16 09:00:00,8595.0,8645.0,8385.0,8505.0,272787.01969852,2317634680.4388275
2023-09-17 09:00:00,8505.0,8510.0,8185.0,8280.0,177735.34324731,1483378394.0388641
2023-09-18 09:00:00,8290.0,9280.0,8245.0,8815.0,2947354.82979649,26391797622.782154
2023-09-19 09:00:00,8825.0,9345.0,8750.0,9175.0,1332464.93879951,12057607793.703833
2023-09-20 09:00:00,9175.0,9455.0,9080.0,9295.0,828540.17613206,7664841635.388659
2023-09-21 09:00:00,9310.0,9360.0,8950.0,9025.0,457260.6624885,4184511438.872371
2023-09-22 09:00:00,9020.0,9435.0,8945.0,9415.0,331871.18171693,3037253021.559865
2023-09-23 09:00:00,9420.0,9780.0,9370.0,9730.0,463576.11523084,4435791183.595299
2023-09-24 09:00:00,9740.0,9815.0,9425.0,9440.0,337489.38563226,3255644788.5208187
2023-09-25 09:00:00,9440.0,10150.0,9350.0,10110.0,1479890.49257677,14636654310.186834
2023-09-26 09:00:00,10110.0,10250.0,9850.0,9990.0,794887.1037588,8020212391.888661
2023-09-27 09:00:00,9990.0,11400.0,9890.0,10420.0,3491395.67259191,37037941585.08303
2023-09-28 09:00:00,10420.0,10930.0,10320.0,10590.0,1571000.25146949,16625137131.830656
2023-09-29 09:00:00,10580.0,10940.0,10370.0,10760.0,842975.55392326,8933070855.928644
2023-09-30 09:00:00,10740.0,11540.0,10710.0,11130.0,1892790.34715741,21027281113.30378
2023-10-01 09:00:00,11130.0,11210.0,10560.0,10900.0,1310680.05898021,14307709261.393263
2023-10-02 09:00:00,10900.0,10980.0,10040.0,10150.0,1199260.71636495,12667672074.10511
2023-10-03 09:00:00,10180.0,10580.0,9995.0,10060.0,1196174.36777365,12304230269.55597
2023-10-04 09:00:00,10060.0,10550.0,9790.0,10390.0,881397.16036312,9026615329.662777
2023-10-05 09:00:00,10400.0,10550.0,10090.0,10150.0,607838.6150415,6311324618.601437
2023-10-06 09:00:00,10150.0,10470.0,10110.0,10350.0,474670.5654928,4883275251.54172
2023-10-07 09:00:00,10350.0,10420.0,10150.0,10210.0,248839.08936283,2561428101.21477
2023-10-08 09:00:00,10220.0,10780.0,10160.0,10420.0,438374.90149752,4571017878.471422
2023-10-09 09:00:00,10410.0,10460.0,9770.0,9915.0,634633.30741046,6426299329.035924
2023-10-10 09:00:00,9920.0,10090.0,9810.0,9910.0,448736.41663665,4461467842.240177
2023-10-11 09:00:00,9905.0,10150.0,9715.0,10090.0,577403.12890848,5735743624.482219
2023-10-12 09:00:00,10090.0,10110.0,9745.0,9890.0,502249.96194385,4984927566.838363
2023-10-13 09:00:00,9900.0,10160.0,9760.0,9990.0,421120.5514145,4178441128.210547
2023-10-14 09:00:00,9980.0,10110.0,9935.0,10040.0,191194.33040903,1913535747.9781454
2023-10-15 09:00:00,10040.0,10330.0,9950.0,10140.0,363798.54698403,3671243147.173917
2023-10-16 09:00:00,10140.0,10600.0,10100.0,10220.0,954736.81725147,9824910559.222029
2023-10-17 09:00:00,10230.0,10260.0,9890.0,9975.0,469158.16704897,4737361574.166105
2023-10-18 09:00:00,9985.0,10210.0,9920.0,10070.0,472440.76972611,4743892083.640001
2023-10-19 09:00:00,10060.0,10130.0,9900.0,9925.0,416979.65905849,4169042572.4681044
2023-10-20 09:00:00,9935.0,10410.0,9860.0,10280.0,791850.61443792,8093035257.583621
2023-10-21 09:00:00,10280.0,12380.0,10210.0,12040.0,4729628.72391738,54885862663.39194
2023-10-22 09:00:00,12050.0,13780.0,11910.0,13750.0,7747661.85873467,98813800530.38672
2023-10-23 09:00:00,13740.0,14860.0,13190.0,14140.0,5872520.38022072,82643386228.9731
2023-10-24 09:00:00,14130.0,14950.0,13000.0,13980.0,3376087.57026199,46876051186.679756
2023-10-25 09:00:00,13970.0,15950.0,13910.0,14900.0,5498510.07940707,83140059591.22408
2023-10-26 09:00:00,14910.0,15390.0,13990.0,14790.0,2197984.61393714,32287163974.617325
2023-10-27 09:00:00,14790.0,15700.0,14320.0,15170.0,2940983.47209036,43933217342.491554
2023-10-28 09:00:00,15170.0,15810.0,14750.0,14870.0,2041047.89944224,31282359322.19126
2023-10-29 09:00:00,14870.0,15280.0,14650.0,15030.0,1526904.42935039,22866226460.39691
2023-10-30 09:00:00,15060.0,16050.0,14800.0,15180.0,1648066.84075179,25257432328.023106
2023-10-31 09:00:00,15200.0,16310.0,14840.0,15420.0,2145477.13813188,33374411751.230553
2023-11-01 09:00:00,15440.0,15970.0,14590.0,15800.0,2297457.41950064,34757213900.40589
2023-11-02 09:00:00,15800.0,15940.0,14720.0,14970.0,2029706.58760333,31064602734.17338
2023-11-03 09:00:00,14970.0,15570.0,14220.0,15420.0,1348498.20894411,20113469298.27489
2023-11-04 09:00:00,15390.0,15590.0,15000.0,15440.0,860704.88144193,13138920958.847176
2023-11-05 09:00:00,15450.0,16890.0,15250.0,16410.0,2774932.71343002,45211049550.47412
2023-11-06 09:00:00,16420.0,17660.0,16280.0,17350.0,1660277.93519581,27852221875.66866
2023-11-07 09:00:00,17350.0,17830.0,16850.0,17450.0,1376551.31277471,23839036383.15162
2023-11-08 09:00:00,17410.0,19930.0,17150.0,19880.0,2227644.53616591,41265178146.78954
2023-11-09 09:00:00,19880.0,21200.0,18640.0,19670.0,4049516.32607088,80539904486.62053
2023-11-10 09:00:00,19650.0,21000.0,18960.0,20790.0,2926532.06285532,58124777904.84013
2023-11-11 09:00:00,20790.0,22130.0,19720.0,22000.0,2720699.84864977,56558995711.86574
2023-11-12 09:00:00,22000.0,22120.0,20570.0,21350.0,1622707.10299283,34444499460.62071
2023-11-13 09:00:00,21340.0,21670.0,19300.0,19330.0,1960291.59478946,39775547498.39884
2023-11-14 09:00:00,19330.0,20060.0,18570.0,18830.0,2184790.33293787,42388713412.6231
2023-11-15 09:00:00,18830.0,20490.0,18740.0,20040.0,1984606.29375158,39066706588.17423
2023-11-16 09:00:00,20040.0,20340.0,18440.0,18740.0,1911175.88035104,37158900920.7352
2023-11-17 09:00:00,18740.0,19210.0,17440.0,18510.0,1449966.40427145,26645818259.809376
2023-11-18 09:00:00,18530.0,18590.0,17460.0,18520.0,679623.68505493,12296786277.935764
2023-11-19 09:00:00,18520.0,20100.0,18000.0,19880.0,1369411.82523487,26289814533.495056
2023-11-20 09:00:00,19880.0,20490.0,19260.0,19410.0,1241811.55691935,24817894005.621376
2023-11-21 09:00:00,19410.0,19620.0,18090.0,18100.0,1297223.70342767,24521861361.158733
2023-11-22 09:00:00,18150.0,19510.0,18000.0,19030.0,945162.27293879,17966737739.05296
2023-11-23 09:00:00,19030.0,19900.0,18930.0,19270.0,1039745.38548102,20101051396.257145
2023-11-24 09:00:00,19290.0,19850.0,19060.0,19410.0,868039.50228905,16805458994.00675
2023-11-25 09:00:00,19420.0,20080.0,19300.0,19740.0,627363.85804541,12381399792.976736
2023-11-26 09:00:00,19730.0,20520.0,19400.0,19820.0,934740.61959086,18702125026.453377
2023-11-27 09:00:00,19810.0,20570.0,18810.0,19170.0,1260933.98268363,24649924913.012047
2023-11-28 09:00:00,19170.0,19620.0,18540.0,19410.0,812565.0988357,15520076124.304317
2023-11-29 09:00:00,19410.0,20050.0,19290.0,19450.0,874004.96092982,17184747020.113125
2023-11-30 09:00:00,19450.0,19840.0,19160.0,19350.0,649195.4748159,12617130870.248333
2023-12-01 09:00:00,19350.0,20130.0,19160.0,20040.0,622703.93835398,12296782607.84349
2023-12-02 09:00:00,20040.0,21500.0,19970.0,21330.0,1325372.31714824,27738113780.75781
2023-12-03 09:00:00,21330.0,21750.0,21060.0,21110.0,870173.99871188,18577929510.881676
2023-12-04 09:00:00,21100.0,21930.0,20530.0,21420.0,1398518.69908741,29781867581.514816
2023-12-05 09:00:00,21410.0,21820.0,20590.0,21490.0,909346.91431567,19238720507.17702
2023-12-06 09:00:00,21490.0,22170.0,21000.0,21070.0,1454785.31451261,31476025859.68094
2023-12-07 09:00:00,21070.0,21690.0,20210.0,21500.0,1438829.1891611,30254936263.918602
2023-12-08 09:00:00,21500.0,23700.0,21360.0,23040.0,2602263.19920038,58536593099.99873
2023-12-09 09:00:00,23080.0,23530.0,22040.0,22280.0,2119419.91780432,48669824252.473595
2023-12-10 09:00:00,22280.0,22610.0,21620.0,22370.0,911101.70011038,20217009941.17403
2023-12-11 09:00:00,22370.0,22490.0,19740.0,20360.0,2044868.75777575,42231046229.499
2023-12-12 09:00:00,20390.0,20920.0,19710.0,20170.0,1477069.28232765,30165500823.45666
2023-12-13 09:00:00,20180.0,20660.0,19340.0,20360.0,1270365.98584756,25454630116.8778
2023-12-14 09:00:00,20370.0,21270.0,20000.0,20960.0,1141640.30389117,23536646041.42459
2023-12-15 09:00:00,20970.0,21020.0,19800.0,19800.0,775619.96708252,15871550802.40193
2023-12-16 09:00:00,19800.0,20230.0,19460.0,19650.0,655975.41612797,13019538743.290144
2023-12-17 09:00:00,19650.0,19710.0,19030.0,19210.0,642650.63124637,12478705011.219177
2023-12-18 09:00:00,19210.0,20060.0,18590.0,20030.0,2062206.52540953,39837301184.3137
2023-12-19 09:00:00,20030.0,20140.0,19050.0,19310.0,1016563.49308457,20024336928.649307
2023-12-20 09:00:00,19310.0,20100.0,19070.0,19400.0,1217553.63023658,23829609546.54395
2023-12-21 09:00:00,19390.0,20810.0,19310.0,20750.0,1731149.48321972,34712945917.654564
2023-12-22 09:00:00,20770.0,21420.0,20390.0,21000.0,2062971.83719074,43048773493.79722
2023-12-23 09:00:00,21000.0,21710.0,20320.0,21270.0,1226112.30127321,25810984387.937786
2023-12-24 09:00:00,21270.0,21650.0,20530.0,20570.0,1274061.88880381,26961023637.47834
2023-12-25 09:00:00,20570.0,20960.0,20240.0,20750.0,1197144.55799777,24641390291.026382
2023-12-26 09:00:00,20750.0,21190.0,19450.0,20210.0,1238125.01653854,25317651365.370308
2023-12-27 09:00:00,20210.0,22320.0,19580.0,22300.0,1885670.72371312,39841213389.40939
2023-12-28 09:00:00,22300.0,23460.0,21360.0,21370.0,2845565.22043928,64391721394.16673
2023-12-29 09:00:00,21370.0,21630.0,20430.0,20870.0,1332385.69417095,28133711435.43705
2023-12-30 09:00:00,20880.0,20940.0,20280.0,20410.0,618679.41218451,12720605947.529123
2023-12-31 09:00:00,20420.0,20780.0,20000.0,20150.0,618185.29407332,12596333774.11136
2024-01-01 09:00:00,20150.0,20760.0,20080.0,20720.0,600479.43672592,12295564907.81453
2024-01-02 09:00:00,20720.0,21350.0,20270.0,20340.0,1086709.95504112,22673568390.701874
2024-01-03 09:00:00,20340.0,20800.0,17300.0,19380.0,1973415.78518236,38119028505.28682
2024-01-04 09:00:00,19370.0,19800.0,18810.0,19590.0,923398.49757619,17858225835.940067
2024-01-05 09:00:00,19590.0,19770.0,18600.0,18970.0,791530.19492586,15197299677.081686
2024-01-06 09:00:00,18980.0,19000.0,17800.0,18130.0,590214.27728427,10783018388.486658
2024-01-07 09:00:00,18140.0,18600.0,17470.0,17710.0,471387.9578045,8561734574.967828
2024-01-08 09:00:00,17720.0,19280.0,16840.0,18980.0,1381047.85287064,24984576623.085968
2024-01-09 09:00:00,18990.0,19180.0,17800.0,18450.0,879660.73269125,16286794518.583822
2024-01-10 09:00:00,18450.0,20960.0,18210.0,20520.0,1334113.22995411,25860949916.851276
2024-01-11 09:00:00,20520.0,21380.0,19890.0,20620.0,1530689.88684912,31626543346.011505
2024-01-12 09:00:00,20630.0,20940.0,19000.0,19630.0,1085585.56476714,21947081814.695644
2024-01-13 09:00:00,19630.0,19840.0,18820.0,19740.0,495582.70041214,9634057692.233635
2024-01-14 09:00:00,19760.0,21110.0,19580.0,20260.0,1713628.97111245,35226577551.0149
2024-01-15 09:00:00,20250.0,22010.0,20250.0,20870.0,2187845.57577218,46714969024.85254
2024-01-16 09:00:00,20870.0,21150.0,20280.0,20970.0,947294.80577439,19679895051.78909
2024-01-17 09:00:00,20960.0,22500.0,20960.0,21650.0,2054895.22520518,44830825931.03737
2024-01-18 09:00:00,21680.0,21700.0,19830.0,20300.0,1358362.25749519,28289446561.52168
2024-01-19 09:00:00,20330.0,22800.0,19900.0,22390.0,2498924.91370976,53077499082.6544
2024-01-20 09:00:00,22390.0,23080.0,21620.0,21740.0,3443857.35247574,77126431633.86977
2024-01-21 09:00:00,21740.0,21930.0,21210.0,21220.0,867887.42171089,18715548338.95459
2024-01-22 09:00:00,21220.0,22020.0,20100.0,20160.0,1876758.22675118,39604204642.13229
2024-01-23 09:00:00,20160.0,20630.0,18780.0,19890.0,1611435.50678688,31723130752.086006
2024-01-24 09:00:00,19890.0,19920.0,19220.0,19630.0,761421.64500477,14887472922.066658
2024-01-25 09:00:00,19620.0,19680.0,18710.0,18970.0,668886.9651436,12805668893.704788
2024-01-26 09:00:00,18970.0,19680.0,18800.0,19530.0,739524.97931147,14293900864.825283
2024-01-27 09:00:00,19520.0,19850.0,19390.0,19790.0,502962.08024173,9878754747.071337
2024-01-28 09:00:00,19790.0,20260.0,19580.0,19930.0,558599.97764782,11128073501.814203
2024-01-29 09:00:00,19940.0,20580.0,19630.0,20470.0,871091.77166695,17579160773.09861
2024-01-30 09:00:00,20500.0,21600.0,20320.0,21240.0,1221570.68369891,25508284084.384445
2024-01-31 09:00:00,21270.0,22060.0,20810.0,21340.0,1369981.58717316,29480144586.559353
2024-02-01 09:00:00,21320.0,23940.0,20880.0,23600.0,2861764.48785187,64688746554.01496
2024-02-02 09:00:00,23640.0,25920.0,23520.0,24480.0,5579987.02770889,138032088823.97784
2024-02-03 09:00:00,24500.0,25000.0,24060.0,24310.0,2345841.07815194,57570201236.30951
2024-02-04 09:00:00,24310.0,25770.0,24210.0,25060.0,1995871.22279832,49721511803.36467
2024-02-05 09:00:00,25070.0,27150.0,24580.0,26450.0,4356851.53017283,114372133655.8135
2024-02-06 09:00:00,26450.0,26600.0,24980.0,25040.0,2526498.05806937,65412770471.57664
2024-02-07 09:00:00,25040.0,25930.0,24770.0,25550.0,1775494.9778202,44809162906.441734
2024-02-08 09:00:00,25560.0,26320.0,24650.0,24950.0,1941926.50380428,49381009532.873085
2024-02-09 09:00:00,24950.0,25440.0,24550.0,24930.0,2098355.98249705,52362490203.994965
2024-02-10 09:00:00,24940.0,25880.0,24220.0,25790.0,1457060.34822125,36387777163.56195
2024-02-11 09:00:00,25790.0,27920.0,25460.0,27230.0,2905440.47111663,78686633376.8756
2024-02-12 09:00:00,27230.0,28220.0,26750.0,27490.0,1933523.09773426,53111052827.047745
2024-02-13 09:00:00,27490.0,27660.0,26540.0,26910.0,1268172.16020112,34306674315.391487
2024-02-14 09:00:00,26960.0,27540.0,26710.0,27430.0,1409120.03490072,38371611380.731094
2024-02-15 09:00:00,27430.0,27890.0,27050.0,27360.0,1275724.4819625,35031925261.88721
2024-02-16 09:00:00,27350.0,27970.0,26500.0,27090.0,935060.47442673,25578144674.125156
2024-02-17 09:00:00,27090.0,28070.0,26470.0,27760.0,1155885.45148755,31461256921.850864
2024-02-18 09:00:00,27750.0,28000.0,27320.0,27730.0,688989.62702333,19009527419.227253
2024-02-19 09:00:00,27760.0,27910.0,27220.0,27490.0,907023.86272597,25031842610.54777
2024-02-20 09:00:00,27500.0,27590.0,26030.0,26650.0,868874.40391266,23352341447.20798
2024-02-21 09:00:00,26670.0,26680.0,25360.0,26000.0,775274.47589184,20130483346.781803
2024-02-22 09:00:00,25990.0,26370.0,25260.0,25310.0,517999.94329636,13332326923.647383
2024-02-23 09:00:00,25300.0,25520.0,24800.0,25070.0,564963.26485911,14186711430.965601
2024-02-24 09:00:00,25070.0,25810.0,24720.0,25590.0,557707.27906623,14167689859.943644
2024-02-25 09:00:00,25570.0,25910.0,25260.0,25770.0,356668.41331784,9143187041.61832
2024-02-26 09:00:00,25770.0,26360.0,24850.0,26160.0,665358.0136334,17111409256.351357
2024-02-27 09:00:00,26180.0,26620.0,25900.0,26200.0,802975.53508492,21112192820.409687
2024-02-28 09:00:00,26200.0,29050.0,25880.0,27280.0,2360279.93681019,64729555168.18976
2024-02-29 09:00:00,27300.0,28550.0,26710.0,27120.0,1531879.97899497,42588614363.845375
2024-03-01 09:00:00,27130.0,28290.0,27120.0,28150.0,899046.65237038,25068884822.10473
2024-03-02 09:00:00,28150.0,30380.0,28090.0,29800.0,1870283.76073343,54914525802.75172
2024-03-03 09:00:00,29800.0,30090.0,27000.0,28600.0,1196063.65684514,34416104743.86843
2024-03-04 09:00:00,28610.0,29070.0,27840.0,28640.0,1510620.71922297,43100954967.381935
2024-03-05 09:00:00,28620.0,29420.0,25510.0,27200.0,2481655.83653868,70279436846.11841
2024-03-06 09:00:00,27200.0,28410.0,25850.0,28380.0,1250824.09013984,34050441842.256046
2024-03-07 09:00:00,28380.0,28760.0,27660.0,28290.0,998381.14889338,28178441126.151848
2024-03-08 09:00:00,28300.0,28710.0,27290.0,27860.0,1116228.38857481,31284221590.677162
2024-03-09 09:00:00,27850.0,28400.0,27560.0,28010.0,767342.88129091,21517498778.56596
2024-03-10 09:00:00,28010.0,31100.0,27480.0,30730.0,1544659.19115049,44792958950.64871
2024-03-11 09:00:00,30690.0,32400.0,29200.0,29730.0,3209491.60252429,96957674070.87555
2024-03-12 09:00:00,29730.0,29840.0,28160.0,29370.0,1608023.3452605,46742694542.94821
2024-03-13 09:00:00,29370.0,29690.0,28810.0,29600.0,1268115.70743341,37106945088.12569
2024-03-14 09:00:00,29600.0,31270.0,28960.0,30020.0,3402723.68066937,102284528631.68921
2024-03-15 09:00:00,30020.0,30240.0,27010.0,28530.0,2296882.68122566,65276860830.23672
2024-03-16 09:00:00,28540.0,28880.0,26200.0,26800.0,1218591.42475576,33829859112.649815
2024-03-17 09:00:00,26800.0,27500.0,25410.0,27330.0,1161928.78591014,30784887598.16071
2024-03-18 09:00:00,27310.0,28350.0,26610.0,26850.0,2226796.8137231,61604854740.11502
2024-03-19 09:00:00,26840.0,27060.0,24610.0,25100.0,1850760.35028561,47543317745.93338
2024-03-20 09:00:00,25080.0,27320.0,24100.0,27140.0,1683159.7940013,43334523946.47798
2024-03-21 09:00:00,27140.0,27460.0,26080.0,26860.0,1183924.06466782,31779736832.537872
2024-03-22 09:00:00,26860.0,27120.0,25520.0,26990.0,876337.92983437,23048049215.391594
2024-03-23 09:00:00,26990.0,27150.0,26250.0,26340.0,695905.53863071,18560924989.711784
2024-03-24 09:00:00,26340.0,26820.0,26180.0,26620.0,542755.09972881,14375959416.472565
2024-03-25 09:00:00,26630.0,27630.0,26440.0,27520.0,1038220.60228373,28231082583.1819
2024-03-26 09:00:00,27520.0,29410.0,27400.0,28620.0,1500643.69088766,42713850104.72251
2024-03-27 09:00:00,28620.0,28800.0,27330.0,27760.0,1044339.10792911,29299854932.23088
2024-03-28 09:00:00,27760.0,28240.0,27260.0,27320.0,751437.47990461,20749442717.616055
2024-03-29 09:00:00,27330.0,27450.0,26840.0,27090.0,637199.48967362,17252972227.248775
2024-03-30 09:00:00,27090.0,27580.0,26910.0,27180.0,451750.27229538,12298281598.443462
2024-03-31 09:00:00,27180.0,27580.0,26990.0,27170.0,448479.5717997,12197183659.127153
2024-04-01 09:00:00,27170.0,27360.0,25830.0,26400.0,703455.2690743,18691079322.264584
2024-04-02 09:00:00,26400.0,27800.0,25500.0,26360.0,2251171.85812443,59448573233.34879
2024-04-03 09:00:00,26340.0,26900.0,25540.0,25870.0,712551.33379149,18662985138.291042
2024-04-04 09:00:00,25870.0,26390.0,25530.0,25900.0,605930.7074545,15744041013.901405
2024-04-05 09:00:00,25890.0,25900.0,24720.0,25130.0,559040.96276127,14112703442.362791
2024-04-06 09:00:00,25130.0,25590.0,25030.0,25300.0,274796.17924704,6941732402.75782
2024-04-07 09:00:00,25300.0,25820.0,25180.0,25700.0,322148.62732502,8191309998.459794
2024-04-08 09:00:00,25700.0,26510.0,25150.0,25820.0,675055.72329533,17505402055.519745
2024-04-09 09:00:00,25840.0,25960.0,24820.0,24960.0,647056.29354187,16394474896.93989
2024-04-10 09:00:00,24960.0,25270.0,24390.0,24890.0,568976.06411001,14145308758.11464
2024-04-11 09:00:00,24890.0,25230.0,24460.0,25200.0,387000.15271352,9614994702.122438
2024-04-12 09:00:00,25200.0,25600.0,21130.0,22570.0,1164055.57054659,27012364160.266094
2024-04-13 09:00:00,22570.0,22800.0,18470.0,20180.0,1319261.13259396,27702098116.29678
2024-04-14 09:00:00,20140.0,21530.0,19430.0,21230.0,915470.08182906,18751515803.18221
2024-04-15 09:00:00,21260.0,21900.0,20190.0,20680.0,649987.31026158,13742993460.74989
2024-04-16 09:00:00,20700.0,20770.0,19470.0,20190.0,526636.09047516,10611592996.572441
2024-04-17 09:00:00,20190.0,20370.0,19210.0,19620.0,450850.2730102,8936566340.240765
2024-04-18 09:00:00,19620.0,20530.0,18980.0,20420.0,483539.89826349,9527476204.866465
2024-04-19 09:00:00,20450.0,20620.0,18930.0,20380.0,593929.59641328,11820425977.39479
2024-04-20 09:00:00,20390.0,21960.0,20200.0,21870.0,305512.2324844,6413730254.007066
2024-04-21 09:00:00,21850.0,22200.0,21350.0,22060.0,284033.2763715,6184101344.904703
2024-04-22 09:00:00,22060.0,23300.0,21910.0,22450.0,605741.55678023,13697959742.541248
2024-04-23 09:00:00,22450.0,22580.0,21900.0,21990.0,303785.82908005,6758234998.814004
2024-04-24 09:00:00,21990.0,22490.0,20930.0,21120.0,417408.14484693,9124035811.203054
2024-04-25 09:00:00,21130.0,21640.0,20790.0,21010.0,582329.89615333,12338278879.393126
2024-04-26 09:00:00,21010.0,21450.0,20650.0,20910.0,285175.77872622,6001830202.911742
2024-04-27 09:00:00,20910.0,20970.0,20040.0,20630.0,340206.57242516,6953007720.366677
2024-04-28 09:00:00,20620.0,20810.0,19720.0,19820.0,372705.15553253,7569043880.088971
2024-04-29 09:00:00,19840.0,20430.0,19630.0,20140.0,558033.19480548,11121061594.045496
2024-04-30 09:00:00,20140.0,20340.0,18490.0,18850.0,510384.63508984,9823702908.88092
2024-05-01 09:00:00,18880.0,19270.0,17560.0,19090.0,680587.75760027,12500470849.696867
2024-05-02 09:00:00,19090.0,19460.0,18300.0,19110.0,334883.48180722,6347102310.615871
2024-05-03 09:00:00,19110.0,20100.0,19030.0,20000.0,336420.01624662,6565781728.876692
2024-05-04 09:00:00,20010.0,20470.0,19650.0,20250.0,247594.4114998,4969237818.320435
2024-05-05 09:00:00,20250.0,20600.0,19870.0,20220.0,178029.86085722,3590377981.131368
2024-05-06 09:00:00,20220.0,21250.0,20130.0,20350.0,518020.01680988,10739854277.495102
2024-05-07 09:00:00,20380.0,20620.0,19650.0,19710.0,433995.93326231,8770293228.591457
2024-05-08 09:00:00,19690.0,19880.0,19210.0,19460.0,376255.2265165,7361774116.629165
2024-05-09 09:00:00,19470.0,20050.0,19380.0,19900.0,251295.76858273,4945872486.763299
2024-05-10 09:00:00,19890.0,20050.0,19050.0,19160.0,244720.19952728,4799355769.807669
2024-05-11 09:00:00,19180.0,19470.0,18710.0,18800.0,139145.0198626,2651389487.99622
2024-05-12 09:00:00,18790.0,19180.0,18720.0,19080.0,113972.56220674,2161206251.1712403
2024-05-13 09:00:00,19090.0,19200.0,18340.0,18730.0,257324.59648542,4840936656.930987
2024-05-14 09:00:00,18730.0,18990.0,18190.0,18240.0,237169.6417198,4404831526.399894
2024-05-15 09:00:00,18240.0,19400.0,18030.0,19310.0,385914.39793753,7239552397.227727
2024-05-16 09:00:00,19310.0,22080.0,18850.0,21620.0,1124748.86323058,23628793815.850758
2024-05-17 09:00:00,21610.0,23230.0,21490.0,22440.0,1770625.48025385,39577102949.55603
2024-05-18 09:00:00,22440.0,23050.0,22260.0,22720.0,676845.03842762,15279842751.699503
2024-05-19 09:00:00,22720.0,23800.0,22550.0,23020.0,1194558.38557058,27616501616.159386
2024-05-20 09:00:00,23030.0,23800.0,22640.0,23490.0,1305095.18903489,30295532103.34213
2024-05-21 09:00:00,23490.0,23790.0,22800.0,23070.0,609134.95157775,14140028210.78217
2024-05-22 09:00:00,23080.0,23310.0,22210.0,22550.0,431954.8579546,9859320607.208614
2024-05-23 09:00:00,22560.0,23310.0,21620.0,23230.0,643865.09920445,14601258898.080156
2024-05-24 09:00:00,23200.0,24830.0,23060.0,23990.0,1501177.28526094,36289954184.29467
2024-05-25 09:00:00,23990.0,24300.0,23590.0,24200.0,631109.71629922,15065806753.786438
2024-05-26 09:00:00,24200.0,25000.0,23740.0,23750.0,1067629.66983527,26026953028.498817
2024-05-27 09:00:00,23780.0,26120.0,23510.0,26010.0,1150379.19934644,28728169188.136127
2024-05-28 09:00:00,26030.0,26060.0,24800.0,25660.0,1060088.58964913,26883794539.029728
2024-05-29 09:00:00,25620.0,26670.0,25040.0,25620.0,985400.76620287,25522518546.6096
2024-05-30 09:00:00,25620.0,26630.0,24750.0,24970.0,787328.36573132,20158649520.881096
2024-05-31 09:00:00,24970.0,26200.0,24490.0,25780.0,520675.45044886,13086537816.323917
2024-06-01 09:00:00,25770.0,26100.0,25510.0,25800.0,295284.71245103,7630913134.910317
2024-06-02 09:00:00,25800.0,25980.0,25390.0,25420.0,242015.46284096,6217131705.754816
2024-06-03 09:00:00,25440.0,25520.0,24490.0,24590.0,493225.4103148,12344449786.910688
2024-06-04 09:00:00,24600.0,24850.0,24300.0,24520.0,349460.70587067,8571121792.055823
2024-06-05 09:00:00,24510.0,24950.0,24420.0,24520.0,399091.17469291,9830604729.662733
2024-06-06 09:00:00,24550.0,24600.0,23860.0,23940.0,404676.72090934,9788176466.541805
2024-06-07 09:00:00,23960.0,24630.0,22030.0,23070.0,494827.75946502,11687040046.215069
2024-06-08 09:00:00,23040.0,23170.0,22230.0,22550.0,329085.53555117,7458697361.620614
2024-06-09 09:00:00,22570.0,23070.0,22480.0,23040.0,201001.35753439,4560323762.16525
2024-06-10 09:00:00,23020.0,23040.0,22090.0,22280.0,274249.43201135,6155877948.846076
2024-06-11 09:00:00,22260.0,22260.0,20810.0,21240.0,506302.50195335,10954048375.473284
2024-06-12 09:00:00,21260.0,22770.0,20780.0,22490.0,507601.28229749,11097575941.043396
2024-06-13 09:00:00,22520.0,22550.0,21380.0,21460.0,343350.2232413,7494649671.571116
2024-06-14 09:00:00,21460.0,21900.0,20620.0,21010.0,385311.99675959,8242742189.800584
2024-06-15 09:00:00,21010.0,21420.0,20910.0,21050.0,165127.19188486,3486222756.494767
2024-06-16 09:00:00,21050.0,21840.0,20600.0,21400.0,258650.06614937,5457648124.408993
2024-06-17 09:00:00,21400.0,21480.0,19780.0,20430.0,454583.8998929,9308664003.277567
2024-06-18 09:00:00,20430.0,20570.0,18510.0,19670.0,734634.38139405,14150412119.982195
2024-06-19 09:00:00,19690.0,20430.0,19550.0,20240.0,304776.00021097,6118538619.329424
2024-06-20 09:00:00,20240.0,20940.0,20100.0,20190.0,297001.6583262,6089903151.542027
2024-06-21 09:00:00,20150.0,20570.0,19510.0,19520.0,344006.96878869,6901496502.550738
2024-06-22 09:00:00,19520.0,19650.0,19050.0,19080.0,229832.77342848,4455141430.614049
2024-06-23 09:00:00,19100.0,19330.0,18540.0,18610.0,223536.90933616,4260341874.4030294
2024-06-24 09:00:00,18620.0,19320.0,18000.0,19310.0,503775.85789531,9387735726.970512
2024-06-25 09:00:00,19310.0,20200.0,19160.0,20060.0,276635.17507134,5456759874.441979
2024-06-26 09:00:00,20060.0,20200.0,19540.0,19650.0,198016.94407233,3937293914.0172777
2024-06-27 09:00:00,19670.0,20500.0,19170.0,20320.0,271820.14000239,5384122118.764235
2024-06-28 09:00:00,20330.0,20520.0,19410.0,19440.0,248217.99807573,4977166117.228539
2024-06-29 09:00:00,19430.0,19980.0,19000.0,19050.0,165950.21224152,3238229691.1451597
2024-06-30 09:00:00,19050.0,20110.0,18900.0,20000.0,207289.19221527,4023908377.3693943
2024-07-01 09:00:00,20010.0,20470.0,19930.0,20130.0,232334.42973352,4682717490.728523
2024-07-02 09:00:00,20140.0,20680.0,20030.0,20230.0,203104.85019666,4141311320.8185515
2024-07-03 09:00:00,20270.0,20610.0,19260.0,19260.0,520292.8441198,10474004814.472216
2024-07-04 09:00:00,19280.0,19450.0,17920.0,17940.0,536164.12943598,9974836060.49211
2024-07-05 09:00:00,17940.0,17970.0,15970.0,17650.0,1038597.53869409,17573279803.190212
2024-07-06 09:00:00,17600.0,18900.0,17350.0,18750.0,346715.51808191,6228197769.8253
2024-07-07 09:00:00,18750.0,18780.0,17000.0,17540.0,315784.18771837,5706234956.060593
2024-07-08 09:00:00,17580.0,19200.0,16850.0,18610.0,519893.76834611,9473801342.538628
2024-07-09 09:00:00,18630.0,18940.0,18030.0,18170.0,508354.82802465,9352174916.256563
2024-07-10 09:00:00,18190.0,18570.0,18000.0,18170.0,390180.80105071,7112288349.274585
2024-07-11 09:00:00,18140.0,18520.0,17430.0,17480.0,503936.18324722,9074230918.012001
2024-07-12 09:00:00,17480.0,18050.0,17300.0,17940.0,316972.13942367,5592818766.253847
2024-07-13 09:00:00,17920.0,18420.0,17870.0,18250.0,231397.50517932,4210772678.743372
2024-07-14 09:00:00,18250.0,18990.0,18070.0,18910.0,349511.66682584,6453732751.153727
2024-07-15 09:00:00,18900.0,20330.0,18820.0,20220.0,406833.1468534,7941380442.057263
2024-07-16 09:00:00,20220.0,20390.0,19340.0,19820.0,425358.97216852,8475053167.47621
2024-07-17 09:00:00,19830.0,20230.0,19180.0,19190.0,397505.49775193,7871831021.096483
2024-07-18 09:00:00,19220.0,19580.0,18900.0,19110.0,366828.97433849,7067079542.893011
2024-07-19 09:00:00,19110.0,19760.0,18700.0,19630.0,350612.29035873,6732466820.916997
2024-07-20 09:00:00,19640.0,20110.0,19430.0,19990.0,284784.53726108,5614319670.089008
2024-07-21 09:00:00,19970.0,20960.0,19600.0,20650.0,614941.9561146,12455443148.583578
2024-07-22 09:00:00,20650.0,20770.0,19310.0,19500.0,650117.40467645,12968122726.864717
2024-07-23 09:00:00,19500.0,19780.0,18970.0,19490.0,523468.11326835,10181175900.902634
2024-07-24 09:00:00,19460.0,19490.0,18550.0,18770.0,400734.84721784,7680549400.548789
2024-07-25 09:00:00,18770.0,18830.0,17550.0,18190.0,501906.4303281,9111591644.751125
2024-07-26 09:00:00,18170.0,19040.0,18150.0,18890.0,235319.38004104,4395875854.618274
2024-07-27 09:00:00,18890.0,19350.0,18560.0,18840.0,245821.17801838,4669117443.886998
2024-07-28 09:00:00,18810.0,19080.0,18460.0,18600.0,226367.84931182,4245119057.1929383
2024-07-29 09:00:00,18600.0,19290.0,18600.0,18920.0,321759.63139343,6124713912.906402
2024-07-30 09:00:00,18920.0,19310.0,18250.0,18410.0,289157.21094819,5463925876.064806
2024-07-31 09:00:00,18430.0,18740.0,17930.0,17970.0,336642.62711349,6174297232.854641
2024-08-01 09:00:00,17950.0,18390.0,17170.0,18090.0,371597.85804902,6633172646.042526
2024-08-02 09:00:00,18120.0,18200.0,16620.0,16810.0,421103.59047676,7262423813.975634
2024-08-03 09:00:00,16800.0,17080.0,16080.0,16550.0,318980.17204749,5302166877.1315975
2024-08-04 09:00:00,16550.0,16650.0,15000.0,15350.0,412960.4832835,6499151445.065487
2024-08-05 09:00:00,15350.0,15450.0,11760.0,13650.0,3846245.47166084,50155558229.09742
2024-08-06 09:00:00,13660.0,14890.0,13660.0,14400.0,977246.73396351,14077121842.963484
2024-08-07 09:00:00,14400.0,14940.0,13370.0,13500.0,616491.53206588,8743392688.3964
2024-08-08 09:00:00,13500.0,15180.0,13290.0,15030.0,595995.35083855,8488649028.927122
2024-08-09 09:00:00,15050.0,15100.0,14310.0,14840.0,416727.64436155,6134949625.001292
2024-08-10 09:00:00,14830.0,15040.0,14710.0,14860.0,324970.80074883,4836342253.694597
2024-08-11 09:00:00,14860.0,15160.0,14010.0,14080.0,408214.93425992,5988621911.631022
2024-08-12 09:00:00,14080.0,15030.0,13950.0,14810.0,428995.22328167,6240848261.744675
2024-08-13 09:00:00,14810.0,14900.0,14170.0,14770.0,330935.25503443,4813028138.700704
2024-08-14 09:00:00,14750.0,14960.0,14280.0,14600.0,315182.68444023,4626583022.611964
2024-08-15 09:00:00,14580.0,14940.0,14080.0,14340.0,283448.83945585,4108239933.516899
2024-08-16 09:00:00,14310.0,14510.0,13890.0,14170.0,232763.73806267,3306657464.870468
2024-08-17 09:00:00,14150.0,14190.0,14010.0,14120.0,127318.40890051,1794000011.0689058
2024-08-18 09:00:00,14150.0,14540.0,14020.0,14040.0,161186.05518832,2291865479.68906
2024-08-19 09:00:00,14040.0,14140.0,13720.0,13990.0,258061.88983968,3590498285.9857807
2024-08-20 09:00:00,13970.0,14350.0,13730.0,14010.0,267899.08526491,3776393498.627109
2024-08-21 09:00:00,14010.0,15420.0,13900.0,15170.0,487018.91425607,7073431084.160403
2024-08-22 09:00:00,15200.0,15790.0,15140.0,15580.0,403212.49530759,6208142897.838954
2024-08-23 09:00:00,15570.0,16290.0,15510.0,16100.0,391097.90435797,6187337772.337568
2024-08-24 09:00:00,16110.0,16740.0,15960.0,16520.0,258525.569404,4202379192.6355467
2024-08-25 09:00:00,16500.0,16540.0,16000.0,16230.0,190638.6391242,3097216161.001963
2024-08-26 09:00:00,16280.0,16970.0,15890.0,15890.0,676207.36483902,11158436622.353336
2024-08-27 09:00:00,15900.0,16140.0,14900.0,15190.0,377514.78619026,5845116273.268242
2024-08-28 09:00:00,15180.0,15870.0,14860.0,15260.0,393170.92476072,6025669534.884956
2024-08-29 09:00:00,15260.0,15500.0,14740.0,14900.0,285056.38957544,4335492593.396918
2024-08-30 09:00:00,14880.0,15190.0,14390.0,15130.0,215562.31918976,3191499449.275078
2024-08-31 09:00:00,15130.0,15220.0,14860.0,15000.0,83621.14689215,1261044362.5451975
2024-09-01 09:00:00,15020.0,15020.0,14060.0,14170.0,182313.00097526,2659371589.855725
2024-09-02 09:00:00,14160.0,14700.0,14100.0,14610.0,194211.41271047,2797937101.8670936
2024-09-03 09:00:00,14620.0,14770.0,13940.0,14060.0,297940.98246796,4272469454.270547
2024-09-04 09:00:00,14040.0,14230.0,13490.0,14030.0,333573.46377467,4633889387.790983
2024-09-05 09:00:00,14050.0,14100.0,13500.0,13620.0,179757.04572596,2476405274.8671637
2024-09-06 09:00:00,13620.0,13760.0,12730.0,13080.0,365559.32414052,4840666531.228151
2024-09-07 09:00:00,13080.0,13830.0,13000.0,13640.0,172005.3432402,2311108034.1392517
2024-09-08 09:00:00,13640.0,14150.0,13540.0,14020.0,168033.71706636,2335308026.895664
2024-09-09 09:00:00,14050.0,14700.0,13930.0,14260.0,278787.28274172,3992154618.4078765
2024-09-10 09:00:00,14260.0,14520.0,13990.0,14370.0,164606.7710777,2338062067.7616396
2024-09-11 09:00:00,14330.0,14370.0,13810.0,14050.0,132347.32272248,1859970906.2118478
2024-09-12 09:00:00,14050.0,14530.0,14020.0,14500.0,194479.62425512,2785919326.652683
2024-09-13 09:00:00,14510.0,15480.0,14300.0,15290.0,329717.02570416,4899057470.49094
2024-09-14 09:00:00,15300.0,15380.0,15100.0,15170.0,92448.71534911,1408273710.2196443
2024-09-15 09:00:00,15160.0,15250.0,14550.0,14580.0,97706.96132473,1463657607.9331262
2024-09-16 09:00:00,14580.0,14580.0,14060.0,14230.0,162876.09233449,2332941664.0943546
2024-09-17 09:00:00,14210.0,14640.0,14080.0,14280.0,161331.76881581,2311108214.290605
2024-09-18 09:00:00,14300.0,14580.0,13910.0,14570.0,187401.28859571,2655837380.0974255
2024-09-19 09:00:00,14570.0,15200.0,14570.0,14940.0,303477.50254647,4523364250.918108
2024-09-20 09:00:00,14950.0,15680.0,14830.0,15240.0,292141.9332615,4495892967.329587
2024-09-21 09:00:00,15260.0,15410.0,15000.0,15350.0,232216.66227719,3531901680.12228
2024-09-22 09:00:00,15350.0,15390.0,14520.0,14880.0,237190.85142048,3559327731.98296
2024-09-23 09:00:00,14880.0,15550.0,14620.0,15220.0,367859.34588519,5601799193.110591
2024-09-24 09:00:00,15240.0,16210.0,14990.0,16110.0,411821.44621194,6377427189.528025
2024-09-25 09:00:00,16120.0,16750.0,16000.0,16180.0,316335.52990596,5159210695.47844
2024-09-26 09:00:00,16190.0,16800.0,15840.0,16580.0,393781.24424261,6435504980.786696
2024-09-27 09:00:00,16590.0,16980.0,16480.0,16730.0,315768.76800842,5290716817.943304
2024-09-28 09:00:00,16770.0,17050.0,16320.0,17020.0,239623.23797976,4015865675.9556117
2024-09-29 09:00:00,17040.0,17050.0,16290.0,16340.0,181622.0023397,3010302518.0783534
2024-09-30 09:00:00,16330.0,16330.0,15530.0,15640.0,248988.83378722,3966570397.623742
2024-10-01 09:00:00,15680.0,16210.0,14560.0,14760.0,318167.37158171,4872854514.383326
2024-10-02 09:00:00,14760.0,15060.0,14090.0,14380.0,332516.45158952,4864489210.850025
2024-10-03 09:00:00,14360.0,14650.0,14040.0,14440.0,252422.54161624,3619936082.388753
2024-10-04 09:00:00,14450.0,15190.0,14350.0,14940.0,283313.88335128,4185192469.681714
2024-10-05 09:00:00,14940.0,15370.0,14870.0,15240.0,126213.84997054,1913769108.002138
2024-10-06 09:00:00,15260.0,15390.0,15030.0,15190.0,153487.78853567,2334131313.349214
2024-10-07 09:00:00,15190.0,15740.0,15010.0,15050.0,251176.22301819,3864030874.9509177
2024-10-08 09:00:00,15060.0,15250.0,14600.0,14680.0,287327.39122633,4287088378.0337853
2024-10-09 09:00:00,14670.0,14830.0,14180.0,14340.0,268150.00351254,3881899892.700974
2024-10-10 09:00:00,14310.0,14550.0,14030.0,14350.0,215759.79407009,3090041198.945574
2024-10-11 09:00:00,14380.0,14870.0,14270.0,14730.0,192379.6337877,2797896780.0727515
2024-10-12 09:00:00,14730.0,15010.0,14620.0,14810.0,139397.08495258,2070405422.9773872
2024-10-13 09:00:00,14810.0,14920.0,14370.0,14510.0,148932.44736878,2186959788.5580087
2024-10-14 09:00:00,14520.0,15190.0,14350.0,15140.0,261662.58604397,3872810818.460686
2024-10-15 09:00:00,15140.0,15760.0,14840.0,15480.0,616677.77896726,9482864519.070957
2024-10-16 09:00:00,15480.0,15570.0,15030.0,15260.0,310918.29585057,4758708861.337096
2024-10-17 09:00:00,15240.0,15380.0,14840.0,15030.0,212286.70274508,3202454804.6420126
2024-10-18 09:00:00,15010.0,15680.0,14930.0,15650.0,213079.29809546,3291627006.4448013
2024-10-19 09:00:00,15670.0,15820.0,15430.0,15610.0,174807.79705398,2730169494.6677356
2024-10-20 09:00:00,15590.0,16380.0,15400.0,16300.0,242436.10790066,3865921112.6901383
2024-10-21 09:00:00,16300.0,16360.0,15770.0,16040.0,261456.58916129,4211567151.773765
2024-10-22 09:00:00,16040.0,16950.0,15850.0,16480.0,685003.24831096,11354440822.834257
2024-10-23 09:00:00,16520.0,16560.0,15340.0,15700.0,476775.6674003,7563474560.9757395
2024-10-24 09:00:00,15700.0,16050.0,15500.0,16020.0,330055.67321405,5212924796.363664
2024-10-25 09:00:00,16040.0,16740.0,15200.0,15670.0,849225.02174151,13785965330.189781
2024-10-26 09:00:00,15660.0,15980.0,15200.0,15430.0,360893.38623067,5614279663.791483
2024-10-27 09:00:00,15440.0,15600.0,15200.0,15320.0,221576.47992783,3401749483.4634
2024-10-28 09:00:00,15300.0,15650.0,14970.0,15570.0,359925.30832881,5506067247.18127
2024-10-29 09:00:00,15580.0,16450.0,15520.0,16440.0,485459.16310623,7774986740.726388
2024-10-30 09:00:00,16450.0,17350.0,16200.0,17240.0,617730.74990968,10370492427.814188
2024-10-31 09:00:00,17260.0,17320.0,15710.0,15960.0,549538.92715596,9083397206.507233
2024-11-01 09:00:00,15950.0,16350.0,15570.0,15740.0,467386.32452839,7430348139.207816
2024-11-02 09:00:00,15750.0,15980.0,15500.0,15660.0,203212.62337095,3189925468.326963
2024-11-03 09:00:00,15660.0,15740.0,14700.0,15000.0,305961.86561982,4634769013.447337
2024-11-04 09:00:00,15010.0,15180.0,14040.0,14260.0,461163.5330455,6733811958.831181
2024-11-05 09:00:00,14260.0,15200.0,14180.0,15040.0,271476.71340496,3998199214.009187
2024-11-06 09:00:00,15040.0,16920.0,14980.0,16770.0,667168.29442544,10739254542.252916
2024-11-07 09:00:00,16790.0,17500.0,16550.0,17250.0,407361.18516743,6952033583.873118
2024-11-08 09:00:00,17300.0,19190.0,17280.0,19130.0,709837.14836307,12909651468.615726
2024-11-09 09:00:00,19120.0,19180.0,18550.0,19080.0,446149.07451998,8404621205.994848
2024-11-10 09:00:00,19080.0,20400.0,18900.0,19730.0,886671.2173112,17616998685.30062
2024-11-11 09:00:00,19740.0,20930.0,18950.0,20900.0,1096750.9815493,21855224857.26684
2024-11-12 09:00:00,20900.0,21790.0,19340.0,19860.0,1253284.26037005,25661827264.530727
2024-11-13 09:00:00,19860.0,20220.0,18650.0,19110.0,878114.2839074,17021887006.60279
2024-11-14 09:00:00,19110.0,19620.0,18010.0,18400.0,819284.65147699,15496015543.517445
2024-11-15 09:00:00,18400.0,19500.0,18080.0,19470.0,706131.66088401,13313816325.620487
2024-11-16 09:00:00,19460.0,20630.0,19350.0,20410.0,1267725.23940935,25384367872.99509
2024-11-17 09:00:00,20400.0,21330.0,19150.0,19440.0,1397605.03900545,28141026661.62441
2024-11-18 09:00:00,19420.0,22330.0,19360.0,21440.0,1891622.93180275,39396801821.584366
2024-11-19 09:00:00,21450.0,21800.0,20330.0,20550.0,944316.59761847,19751328996.46521
2024-11-20 09:00:00,20570.0,21460.0,19830.0,20140.0,1014404.00642662,20800252480.246292
2024-11-21 09:00:00,20120.0,21500.0,19670.0,20770.0,1236595.66474086,25541653545.891735
2024-11-22 09:00:00,20780.0,22990.0,19990.0,22900.0,1981873.1306498,42441064652.65299
2024-11-23 09:00:00,22900.0,25190.0,22410.0,24220.0,2462964.84814817,58354752675.59529
2024-11-24 09:00:00,24220.0,25940.0,22040.0,24900.0,3109308.35763173,75773309888.18092
2024-11-25 09:00:00,24900.0,26240.0,23820.0,24200.0,2000065.44843637,50241472795.46308
2024-11-26 09:00:00,24160.0,24880.0,22540.0,24260.0,1223233.19117261,29159025362.91765
2024-11-27 09:00:00,24260.0,26340.0,23640.0,25900.0,1183821.77617851,29666667097.846214
2024-11-28 09:00:00,25890.0,26100.0,24590.0,25040.0,775440.07390776,19526555103.251453
2024-11-29 09:00:00,25000.0,25460.0,24410.0,25190.0,868705.50962326,21689322903.67776
2024-11-30 09:00:00,25190.0,26900.0,24970.0,26400.0,1199886.74908152,30917375658.26416
2024-12-01 09:00:00,26350.0,26560.0,25550.0,26070.0,958583.7367247,24931672931.650814
2024-12-02 09:00:00,26060.0,37580.0,25950.0,35240.0,11210452.18664188,344146628607.26306
2024-12-03 09:00:00,35200.0,36760.0,20000.0,33610.0,8665346.85656213,290859660683.6143
2024-12-04 09:00:00,33610.0,37270.0,33230.0,33890.0,3435903.00927922,119601762317.09326
2024-12-05 09:00:00,33910.0,34810.0,32000.0,32860.0,1954648.1926496,65421586330.897194
2024-12-06 09:00:00,32770.0,36170.0,31630.0,36090.0,1593529.84238273,53591558786.819496
2024-12-07 09:00:00,36090.0,37500.0,34100.0,34550.0,1896497.24810548,67762951518.03526
2024-12-08 09:00:00,34550.0,38550.0,34500.0,36410.0,4655705.45633549,171683542930.15036
2024-12-09 09:00:00,36410.0,38540.0,28900.0,31850.0,7124908.18006342,251597274689.95856
2024-12-10 09:00:00,31840.0,33920.0,29200.0,31700.0,3857557.12721197,122568042275.98294
2024-12-11 09:00:00,31700.0,34460.0,30050.0,34040.0,1890844.38315755,61616330868.27135
2024-12-12 09:00:00,34030.0,42200.0,33790.0,41740.0,9489004.03792014,376292725504.40405
2024-12-13 09:00:00,41710.0,44440.0,39400.0,41380.0,8845044.74526148,369095648856.683
2024-12-14 09:00:00,41380.0,44260.0,40810.0,41910.0,8941390.87488933,380851256208.51117
2024-12-15 09:00:00,41900.0,42890.0,40500.0,41870.0,4788274.60989703,199626225500.9974
2024-12-16 09:00:00,41860.0,44600.0,40820.0,41620.0,6173646.14359165,263572927974.19754
2024-12-17 09:00:00,41610.0,42150.0,39960.0,40740.0,3037898.63539727,124758642592.56665
2024-12-18 09:00:00,40760.0,41500.0,36500.0,36740.0,3539128.26470772,139857260547.1289
2024-12-19 09:00:00,36740.0,38210.0,33010.0,34490.0,5350527.98679331,193929221329.5735
2024-12-20 09:00:00,34490.0,35880.0,30510.0,35450.0,4558779.5303848,152108386986.25165
2024-12-21 09:00:00,35450.0,37440.0,33160.0,33610.0,2260476.44666367,79941508954.18594
2024-12-22 09:00:00,33660.0,34420.0,32600.0,33610.0,1185256.99140686,39758406847.57824
2024-12-23 09:00:00,33610.0,37540.0,32620.0,36960.0,2710157.01554741,95144490031.92467
2024-12-24 09:00:00,36960.0,38730.0,35420.0,37800.0,2429219.21525577,89505465390.87378
2024-12-25 09:00:00,37790.0,38230.0,36070.0,36450.0,1867369.3396801,69182797949.82056
2024-12-26 09:00:00,36470.0,36840.0,33880.0,34160.0,1579654.43347891,55313961886.37744
2024-12-27 09:00:00,34140.0,35460.0,32240.0,32520.0,1710059.55468374,58286884104.678276
2024-12-28 09:00:00,32520.0,33430.0,31640.0,32860.0,1486608.72524802,48030907539.6129
2024-12-29 09:00:00,32860.0,32890.0,31000.0,31220.0,898255.28379855,28772295390.993076
2024-12-30 09:00:00,31250.0,32360.0,29850.0,30580.0,1344536.52825279,41624623612.7821
2024-12-31 09:00:00,30580.0,33290.0,29600.0,29850.0,1514050.94330848,46860132741.71072
2025-01-01 09:00:00,29850.0,32500.0,29510.0,32410.0,1402455.82816821,43014747284.95732
2025-01-02 09:00:00,32400.0,33990.0,32380.0,32790.0,1331071.49762764,44012456165.425476
2025-01-03 09:00:00,32760.0,35200.0,32120.0,34600.0,1510175.39454308,50757922555.52907
2025-01-04 09:00:00,34600.0,35400.0,33770.0,34710.0,1121545.15386153,38671682534.490524
2025-01-05 09:00:00,34780.0,35120.0,33780.0,34680.0,807705.39996337,27789362876.398716
2025-01-06 09:00:00,34680.0,36230.0,33900.0,35020.0,1128108.45341965,39595783746.85619
2025-01-07 09:00:00,35020.0,35040.0,31710.0,31930.0,1725417.42194457,57555076953.8702
2025-01-08 09:00:00,31970.0,32420.0,29900.0,30660.0,1618507.01899683,50351112043.42556
2025-01-09 09:00:00,30660.0,31060.0,29150.0,29690.0,1414822.73082938,42467899623.874535
2025-01-10 09:00:00,29690.0,31000.0,29570.0,30470.0,1154229.07956025,35015146844.2677
2025-01-11 09:00:00,30470.0,30970.0,29800.0,30280.0,515513.85854817,15590225100.431206
2025-01-12 09:00:00,30280.0,30510.0,29510.0,29850.0,524658.84968246,15774954227.782326
2025-01-13 09:00:00,29860.0,30550.0,27450.0,29140.0,1646720.3522954,47163120164.72247
2025-01-14 09:00:00,29110.0,30430.0,28910.0,30220.0,910039.89905334,27051787079.352474
2025-01-15 09:00:00,30220.0,32470.0,29750.0,32410.0,1759769.09533871,54681234818.68036
2025-01-16 09:00:00,32410.0,34840.0,31400.0,33760.0,2478109.12818282,82296892721.01613
2025-01-17 09:00:00,33820.0,37000.0,33770.0,36780.0,1898020.67454557,67335201465.73459
2025-01-18 09:00:00,36780.0,37980.0,34780.0,35900.0,2449113.03426249,88769215006.32294
2025-01-19 09:00:00,35900.0,39880.0,33790.0,37040.0,5353598.36686763,197930363835.44974
2025-01-20 09:00:00,37040.0,40200.0,35790.0,37580.0,6407674.69567325,244763790361.64703
2025-01-21 09:00:00,37570.0,40000.0,35790.0,39550.0,3713162.55353603,141174556399.34808
2025-01-22 09:00:00,39610.0,40490.0,37530.0,37790.0,1832572.95806755,71154548086.05215
2025-01-23 09:00:00,37790.0,39000.0,36000.0,38270.0,2011894.84108727,75285864958.83841
2025-01-24 09:00:00,38270.0,39330.0,37210.0,37820.0,1530588.44832485,58869881250.449615
2025-01-25 09:00:00,37810.0,38030.0,37210.0,37400.0,690534.01715171,25947765459.861767
2025-01-26 09:00:00,37410.0,39490.0,37280.0,37870.0,1037513.37509718,39816587338.19891
2025-01-27 09:00:00,37870.0,38210.0,34310.0,36750.0,2420317.3578067,87019619000.85573
2025-01-28 09:00:00,36760.0,37390.0,34550.0,34840.0,938497.8559275,33928934439.448956
2025-01-29 09:00:00,34840.0,37230.0,34590.0,36280.0,1034306.49375811,36877459248.70859
2025-01-30 09:00:00,36280.0,38050.0,35960.0,36920.0,952821.60894305,35366979776.39003
2025-01-31 09:00:00,36920.0,39730.0,36690.0,38450.0,1543803.78909627,59089837495.83605
2025-02-01 09:00:00,38450.0,39640.0,35560.0,36000.0,1388858.0432585,52636440043.58224
2025-02-02 09:00:00,36000.0,36390.0,31100.0,32280.0,2471551.4738304,83791950525.35617
2025-02-03 09:00:00,32320.0,34620.0,27500.0,33850.0,5230406.09903236,159439966112.00305
2025-02-04 09:00:00,33850.0,33980.0,30500.0,31450.0,2677416.04932959,85515493514.3776
2025-02-05 09:00:00,31480.0,31910.0,29760.0,30100.0,1248191.32147799,38490405642.96753
2025-02-06 09:00:00,30100.0,30960.0,28800.0,29140.0,1008886.56045675,30167526365.87495
2025-02-07 09:00:00,29140.0,30560.0,27700.0,28510.0,1235275.39089994,35987042749.17902
2025-02-08 09:00:00,28460.0,28880.0,27610.0,28430.0,697579.88124564,19570258797.747475
2025-02-09 09:00:00,28460.0,29230.0,27000.0,27970.0,970721.89470414,27418910363.4299
2025-02-10 09:00:00,27960.0,28950.0,27060.0,28530.0,817996.30843592,23045240412.228916
2025-02-11 09:00:00,28530.0,29820.0,27840.0,28460.0,1133396.94269579,33003925189.02451
2025-02-12 09:00:00,28450.0,29470.0,27000.0,29000.0,1305821.84944736,36646691457.09007
2025-02-13 09:00:00,29000.0,29240.0,27580.0,27970.0,680514.41964854,19286941960.991947
2025-02-14 09:00:00,28030.0,29720.0,27780.0,29090.0,711468.55702735,20432988471.468914
2025-02-15 09:00:00,29130.0,29590.0,28330.0,28690.0,460302.85065292,13339864504.435347
2025-02-16 09:00:00,28700.0,28990.0,28080.0,28280.0,338121.45872164,9648609167.64941
2025-02-17 09:00:00,28260.0,29750.0,27770.0,28770.0,648219.34471336,18678451155.23452
2025-02-18 09:00:00,28810.0,28940.0,26160.0,26860.0,994365.42178523,27096408894.94047
2025-02-19 09:00:00,26850.0,27170.0,26140.0,26880.0,486962.32514297,13013137842.690243
2025-02-20 09:00:00,26900.0,27400.0,26480.0,27110.0,468722.26706916,12621778321.58341
2025-02-21 09:00:00,27100.0,28000.0,25450.0,25850.0,931902.25237725,24930584374.13321
2025-02-22 09:00:00,25850.0,26490.0,25650.0,26130.0,412619.78822879,10723526887.207644
2025-02-23 09:00:00,26130.0,26680.0,25580.0,25850.0,335836.93589143,8760998991.851446
2025-02-24 09:00:00,25850.0,26030.0,21770.0,22050.0,1465539.23102533,34758172938.93712
2025-02-25 09:00:00,22050.0,22710.0,20280.0,22350.0,1728794.78476151,37153690267.586
2025-02-26 09:00:00,22350.0,22900.0,21500.0,22250.0,779748.83840584,17346037819.734085
2025-02-27 09:00:00,22250.0,23050.0,21750.0,22190.0,638656.88853932,14338642829.608345
2025-02-28 09:00:00,22180.0,22320.0,20080.0,21880.0,1301065.38544453,27244309625.290474
2025-03-01 09:00:00,21880.0,22560.0,21140.0,22000.0,775480.19552379,16972392420.102821
2025-03-02 09:00:00,22000.0,26390.0,21500.0,26340.0,1850779.38814563,44465633912.99715
2025-03-03 09:00:00,26340.0,26450.0,21590.0,21780.0,1496185.6554519,36119910537.82336
2025-03-04 09:00:00,21810.0,23050.0,19800.0,22260.0,1689966.16051954,35879989944.048676
2025-03-05 09:00:00,22260.0,24740.0,21810.0,24480.0,1749575.06315169,41281499907.98242
2025-03-06 09:00:00,24480.0,26270.0,24390.0,25420.0,2899869.60033516,73667508549.095
2025-03-07 09:00:00,25420.0,26070.0,23460.0,23760.0,2301935.98331856,56942012443.246826
2025-03-08 09:00:00,23760.0,23940.0,22600.0,22760.0,809294.93895154,18729702714.298847
2025-03-09 09:00:00,22780.0,22890.0,20340.0,20720.0,867457.7128317,18699230671.92656
2025-03-10 09:00:00,20730.0,21660.0,18690.0,18920.0,1531342.50372358,31064317038.53533
2025-03-11 09:00:00,18920.0,20280.0,17790.0,19520.0,1682360.74339706,31965864013.531967
2025-03-12 09:00:00,19520.0,20470.0,18790.0,20000.0,1172480.18487971,23012849120.1148
2025-03-13 09:00:00,20000.0,20090.0,18920.0,19330.0,694396.33846125,13573138738.09826
2025-03-14 09:00:00,19330.0,21600.0,19240.0,20130.0,2011594.46428646,41487163546.450264
2025-03-15 09:00:00,20140.0,21060.0,20100.0,20610.0,922635.10123877,18960333486.057877
2025-03-16 09:00:00,20610.0,20840.0,19490.0,19700.0,673391.7609927,13576925599.755476
2025-03-17 09:00:00,19700.0,20820.0,19660.0,20490.0,484959.38555683,9802109248.213505
2025-03-18 09:00:00,20520.0,20930.0,19820.0,20430.0,610627.57743575,12442301573.559563
2025-03-19 09:00:00,20430.0,22060.0,20160.0,22010.0,795511.500657,16798513596.901613
2025-03-20 09:00:00,22010.0,22210.0,20850.0,21030.0,638079.78695679,13711455509.82549
2025-03-21 09:00:00,21030.0,21230.0,20480.0,20650.0,409792.71582649,8538642981.939425
2025-03-22 09:00:00,20680.0,21480.0,20630.0,21100.0,391481.51255482,8232335771.570695
2025-03-23 09:00:00,21100.0,21440.0,21020.0,21330.0,471247.03761873,9997347929.843372
2025-03-24 09:00:00,21330.0,22730.0,20910.0,22300.0,941438.10070983,20776801516.455452
2025-03-25 09:00:00,22300.0,23000.0,21920.0,22710.0,815706.81320655,18390694884.427967
2025-03-26 09:00:00,22730.0,23590.0,22150.0,22590.0,678198.36944509,15530124652.68326
2025-03-27 09:00:00,22570.0,23340.0,22420.0,22930.0,521457.52935466,11970035295.087612
2025-03-28 09:00:00,22930.0,23000.0,20870.0,21240.0,711059.43645147,15381597735.581564
2025-03-29 09:00:00,21240.0,21490.0,19990.0,20240.0,558709.90710955,11516978599.573978
2025-03-30 09:00:00,20240.0,20700.0,19790.0,20050.0,342411.97982024,6947656361.01067
2025-03-31 09:00:00,20050.0,20380.0,19330.0,20150.0,460329.63306885,9119480405.969627
2025-04-01 09:00:00,20120.0,21360.0,20090.0,20850.0,422342.78527059,8767653119.81861
2025-04-02 09:00:00,20860.0,21300.0,19070.0,19220.0,1149074.95248811,23235153031.312798
2025-04-03 09:00:00,19220.0,19780.0,18310.0,19110.0,673064.51368354,12790715321.858109
2025-04-04 09:00:00,19120.0,19440.0,18330.0,19040.0,736014.49970077,13875800176.078434
2025-04-05 09:00:00,19040.0,19240.0,18600.0,18960.0,330911.66185901,6269100087.571343
2025-04-06 09:00:00,18960.0,19090.0,16530.0,16920.0,1022969.73236318,17971941881.2304
2025-04-07 09:00:00,16920.0,17730.0,15180.0,17090.0,1509244.88751291,24853243138.811447
2025-04-08 09:00:00,17080.0,17730.0,16160.0,16370.0,1076627.45762108,18186535336.94065
2025-04-09 09:00:00,16370.0,18890.0,15740.0,18590.0,1057759.01858956,18257322049.499714
2025-04-10 09:00:00,18590.0,18690.0,17360.0,17900.0,500814.30514601,9081013359.265766
2025-04-11 09:00:00,17890.0,18730.0,17780.0,18430.0,397289.77123763,7286319183.428472
2025-04-12 09:00:00,18420.0,19200.0,18200.0,19030.0,414526.11235839,7776158448.390605
2025-04-13 09:00:00,19050.0,19150.0,18090.0,18340.0,409551.45630847,7638636266.010905
2025-04-14 09:00:00,18340.0,19160.0,18250.0,18350.0,406716.11693038,7598611279.041497
2025-04-15 09:00:00,18330.0,18600.0,17840.0,17890.0,452794.90207523,8264643200.188562
2025-04-16 09:00:00,17890.0,18140.0,17320.0,17910.0,763212.36580202,13578100563.964579
2025-04-17 09:00:00,17910.0,18370.0,17700.0,18090.0,628708.21824166,11359861404.193907
2025-04-18 09:00:00,18090.0,18410.0,17920.0,18180.0,228495.54856481,4150650554.044894
2025-04-19 09:00:00,18210.0,18830.0,18130.0,18670.0,417726.39665565,7731849741.533202
2025-04-20 09:00:00,18670.0,19610.0,18570.0,19150.0,840490.23024409,15859472803.144258
2025-04-21 09:00:00,19150.0,19620.0,18670.0,18900.0,644822.79521397,12392098133.511494
2025-04-22 09:00:00,18900.0,20320.0,18590.0,20280.0,735128.95699815,14341614650.569595
2025-04-23 09:00:00,20290.0,21880.0,20040.0,21540.0,910732.33891566,19261024909.36069
2025-04-24 09:00:00,21550.0,21780.0,20400.0,21600.0,673380.49098198,14217011350.518166
2025-04-25 09:00:00,21610.0,22100.0,21210.0,21550.0,747408.31533028,16221239584.254515
2025-04-26 09:00:00,21540.0,22030.0,21170.0,21420.0,413746.24583647,8939660525.713488
2025-04-27 09:00:00,21440.0,21810.0,20760.0,20960.0,382673.9125793,8111230922.685935
2025-04-28 09:00:00,20990.0,21770.0,20510.0,21660.0,465139.92905843,9920663419.556597
2025-04-29 09:00:00,21650.0,21980.0,20960.0,21130.0,400044.96644997,8646850967.462938
2025-04-30 09:00:00,21130.0,21240.0,19990.0,20650.0,372770.0061751,7696627693.135587
2025-05-01 09:00:00,20660.0,21620.0,20630.0,21230.0,354035.75301117,7537057419.388818
2025-05-02 09:00:00,21240.0,21680.0,20710.0,20970.0,333921.62367405,7054165391.773449
2025-05-03 09:00:00,20970.0,21000.0,20310.0,20430.0,215079.41510756,4436917899.47729
2025-05-04 09:00:00,20460.0,20620.0,19890.0,19950.0,243127.12025991,4916849556.98753
2025-05-05 09:00:00,19950.0,20170.0,19240.0,19440.0,333274.86590772,6554758266.702575
2025-05-06 09:00:00,19450.0,19740.0,18800.0,19610.0,362752.48801617,6960692943.413207
2025-05-07 09:00:00,19610.0,19990.0,19150.0,19650.0,304622.93730401,5969889681.140144
2025-05-08 09:00:00,19650.0,22380.0,19600.0,22260.0,576317.85314295,12156803320.760067
2025-05-09 09:00:00,22270.0,23400.0,21890.0,22360.0,813598.58196044,18316642710.84487
2025-05-10 09:00:00,22330.0,24170.0,22150.0,23960.0,901054.05882735,20756852496.194054
2025-05-11 09:00:00,23990.0,24100.0,22750.0,23900.0,614055.0335718,14381306981.872635
2025-05-12 09:00:00,23920.0,25000.0,22720.0,23630.0,1086696.19383697,26128354747.303715
2025-05-13 09:00:00,23630.0,24840.0,22680.0,24380.0,695213.35506628,16486754761.190056
2025-05-14 09:00:00,24370.0,24610.0,23520.0,23940.0,556575.99838004,13391111730.096992
2025-05-15 09:00:00,23950.0,24210.0,22120.0,22570.0,561755.86545962,12954433137.39685
2025-05-16 09:00:00,22600.0,23270.0,22160.0,22310.0,373449.56326449,8518163013.943938
2025-05-17 09:00:00,22360.0,22360.0,21510.0,21810.0,386478.969933,8442963583.263099
2025-05-18 09:00:00,21810.0,23180.0,21270.0,22430.0,485109.41091073,10780938037.940325
2025-05-19 09:00:00,22430.0,22600.0,21190.0,22220.0,451223.05988424,9820963278.044899
2025-05-20 09:00:00,22230.0,23090.0,21620.0,22130.0,797304.39247066,17797469047.55917
2025-05-21 09:00:00,22130.0,22840.0,21790.0,22420.0,797782.25440989,17760844457.272224
2025-05-22 09:00:00,22440.0,23450.0,22300.0,23200.0,740952.61422545,16960469934.317074
2025-05-23 09:00:00,23200.0,23700.0,21580.0,21730.0,1055175.45728496,24086539220.3088
2025-05-24 09:00:00,21720.0,22170.0,21350.0,21450.0,360927.70211596,7865275447.367923
2025-05-25 09:00:00,21460.0,21780.0,20890.0,21700.0,399440.02294467,8523745330.991315
2025-05-26 09:00:00,21690.0,22100.0,21380.0,21610.0,272376.86314885,5925678911.032633
2025-05-27 09:00:00,21610.0,22310.0,21140.0,22080.0,348762.46937127,7624150918.157902
2025-05-28 09:00:00,22080.0,22420.0,21410.0,21890.0,353193.74921823,7758151245.815727
2025-05-29 09:00:00,21850.0,22510.0,20960.0,21030.0,477997.92958538,10425333089.705942
2025-05-30 09:00:00,21000.0,21090.0,19460.0,19670.0,665557.41876085,13445697892.400972
2025-05-31 09:00:00,19670.0,20080.0,19000.0,19740.0,544053.1738647,10574229321.65174
2025-06-01 09:00:00,19760.0,20000.0,19240.0,19860.0,340704.31403447,6691816236.259912
2025-06-02 09:00:00,19860.0,19860.0,19120.0,19710.0,362273.77443583,7031283778.643
2025-06-03 09:00:00,19710.0,20210.0,19550.0,19730.0,342565.13707204,6813205669.383236
2025-06-04 09:00:00,19740.0,20140.0,19110.0,19190.0,300989.66925728,5935292360.2672825
2025-06-05 09:00:00,19200.0,19400.0,17700.0,18010.0,568982.23168261,10613760798.154703
2025-06-06 09:00:00,18010.0,18970.0,17870.0,18900.0,426807.36823808,7835361439.984151
2025-06-07 09:00:00,18900.0,19510.0,18750.0,19180.0,256553.78881186,4947792183.876767
2025-06-08 09:00:00,19170.0,19280.0,18730.0,18910.0,190087.42540322,3612647620.538727
2025-06-09 09:00:00,18910.0,19640.0,18650.0,19590.0,308841.77758034,5897336082.360419
2025-06-10 09:00:00,19590.0,21350.0,19560.0,21100.0,832012.70062785,16974916415.410032
2025-06-11 09:00:00,21110.0,21480.0,20380.0,20540.0,441099.91257733,9267891185.050304
2025-06-12 09:00:00,20530.0,20570.0,19130.0,19270.0,748384.00927345,14823024045.779522
2025-06-13 09:00:00,19280.0,19310.0,17790.0,18690.0,860397.58782004,15786454938.243042
2025-06-14 09:00:00,18670.0,18710.0,17850.0,18270.0,226354.79918757,4140810660.3133802
2025-06-15 09:00:00,18270.0,18490.0,18060.0,18370.0,275486.22468353,5034128493.155347
2025-06-16 09:00:00,18370.0,19410.0,18190.0,18620.0,392232.53495431,7380993166.71929
2025-06-17 09:00:00,18640.0,18960.0,17820.0,18080.0,453978.70813617,8324749547.064107
2025-06-18 09:00:00,18080.0,18330.0,17570.0,18170.0,387803.76230752,6955302182.386015
2025-06-19 09:00:00,18170.0,18550.0,17940.0,18090.0,229871.24208449,4188647254.0045342
2025-06-20 09:00:00,18110.0,18370.0,17220.0,17420.0,388553.26855631,6919841301.176834
2025-06-21 09:00:00,17420.0,17720.0,16420.0,16800.0,404282.62267184,6921362390.691589
2025-06-22 09:00:00,16810.0,17090.0,15300.0,16260.0,798505.38732292,12931344432.75673
2025-06-23 09:00:00,16270.0,17960.0,15970.0,17780.0,564972.2016251,9487437436.314442
2025-06-24 09:00:00,17800.0,18870.0,17710.0,18420.0,651516.6138895,11851263482.04447
2025-06-25 09:00:00,18430.0,18530.0,17900.0,18030.0,366147.52920217,6685499251.899891
2025-06-26 09:00:00,18030.0,18570.0,17710.0,17760.0,306499.03743144,5541287934.075211
2025-06-27 09:00:00,17760.0,18120.0,17520.0,17920.0,259892.41204226,4638668791.520064
2025-06-28 09:00:00,17920.0,18430.0,17890.0,18360.0,148507.18252301,2687878947.0367713
2025-06-29 09:00:00,18340.0,18940.0,18180.0,18730.0,219476.42529735,4051026582.1796675
2025-06-30 09:00:00,18690.0,18820.0,17930.0,18180.0,261947.4201332,4778876516.693224
2025-07-01 09:00:00,18180.0,18240.0,17560.0,17700.0,255638.26360816,4579655170.56751
2025-07-02 09:00:00,17700.0,18750.0,17460.0,18340.0,416532.96251502,7544572887.190712
2025-07-03 09:00:00,18340.0,19090.0,18260.0,18560.0,386174.01845738,7204626542.063003
2025-07-04 09:00:00,18560.0,18770.0,17730.0,18030.0,267698.94189923,4865541828.697243
2025-07-05 09:00:00,18000.0,18180.0,17830.0,18100.0,112771.57404383,2033468318.8007064
2025-07-06 09:00:00,18110.0,18620.0,17940.0,18370.0,143683.14811461,2616315883.4965944
2025-07-07 09:00:00,18370.0,18690.0,18170.0,18380.0,236642.88787406,4362111751.668288
2025-07-08 09:00:00,18380.0,19030.0,18050.0,18990.0,247982.19788761,4591044937.222599
2025-07-09 09:00:00,19020.0,19470.0,18870.0,19320.0,475626.94429171,9135488796.14983
2025-07-10 09:00:00,19340.0,20700.0,19160.0,20580.0,616467.18018118,12181715132.257078
2025-07-11 09:00:00,20570.0,21390.0,20130.0,20570.0,909405.93434779,19006199277.32251
2025-07-12 09:00:00,20580.0,20890.0,20030.0,20550.0,466664.70535085,9589362490.978014
2025-07-13 09:00:00,20540.0,21530.0,20460.0,21260.0,584674.14667005,12297797909.9159
2025-07-14 09:00:00,21280.0,22390.0,21220.0,21510.0,1053619.45846499,22988204957.474472
2025-07-15 09:00:00,21530.0,22080.0,20640.0,21990.0,847966.06781426,18020873973.387753
2025-07-16 09:00:00,21990.0,23130.0,21670.0,22670.0,877735.69759314,19724360509.230812
2025-07-17 09:00:00,22670.0,24560.0,22270.0,24490.0,1146969.70518683,26721210728.71484
2025-07-18 09:00:00,24510.0,25990.0,23750.0,24390.0,1471012.17337335,36827072868.35986
2025-07-19 09:00:00,24390.0,25370.0,23960.0,25210.0,611560.07949604,15087502190.874876
2025-07-20 09:00:00,25210.0,27170.0,25050.0,26350.0,1204844.43826291,31576012923.799984
2025-07-21 09:00:00,26310.0,27500.0,25930.0,26600.0,1044794.35509705,27987384805.8789
2025-07-22 09:00:00,26600.0,27270.0,25440.0,26670.0,1167105.95023857,30677155825.485313
2025-07-23 09:00:00,26650.0,26800.0,23940.0,24800.0,1064840.33325386,26962687722.15894
2025-07-24 09:00:00,24800.0,25390.0,23180.0,24340.0,785831.82773082,19186072287.032833
2025-07-25 09:00:00,24360.0,25290.0,23650.0,24900.0,580073.05688153,14155845310.69492
2025-07-26 09:00:00,24960.0,25450.0,24780.0,25110.0,335716.50105511,8403951974.077731
2025-07-27 09:00:00,25140.0,26230.0,25070.0,26200.0,425192.31329654,10937381179.840546
2025-07-28 09:00:00,26170.0,26550.0,24810.0,24950.0,667277.23109847,17164996099.228779
2025-07-29 09:00:00,24930.0,25580.0,24220.0,24700.0,401970.5871052,10018619584.176748
2025-07-30 09:00:00,24730.0,24740.0,23450.0,24540.0,352828.58696714,8551881580.563347
2025-07-31 09:00:00,24540.0,25100.0,23540.0,23600.0,389312.25257653,9484933332.223629
2025-08-01 09:00:00,23570.0,23770.0,21980.0,22400.0,757652.0853141,17389713854.480633
2025-08-02 09:00:00,22400.0,22710.0,21720.0,21870.0,358290.2988321,7963746895.768951
2025-08-03 09:00:00,21870.0,22980.0,21600.0,22900.0,257840.90931511,5772852980.880319
2025-08-04 09:00:00,22900.0,23960.0,22790.0,23840.0,369926.91713838,8652267490.559584
2025-08-05 09:00:00,23840.0,23900.0,22590.0,22990.0,354329.51495454,8229987635.176266
2025-08-06 09:00:00,22990.0,23500.0,22420.0,23210.0,267956.36123692,6148775198.924242
2025-08-07 09:00:00,23200.0,25480.0,23120.0,25420.0,726359.05524792,17836418862.086174
2025-08-08 09:00:00,25420.0,27400.0,24940.0,27290.0,1511025.17819551,40026880799.32309
2025-08-09 09:00:00,27290.0,30250.0,27110.0,30170.0,3162795.29965809,91330401001.75711
2025-08-10 09:00:00,30170.0,31160.0,28960.0,30290.0,3263946.79122853,98324593809.33434
2025-08-11 09:00:00,30320.0,30880.0,28820.0,29160.0,1467076.21021342,43923518782.49553
2025-08-12 09:00:00,29150.0,33190.0,28930.0,32300.0,3214297.01660713,100823391401.07938
2025-08-13 09:00:00,32300.0,33930.0,31850.0,32650.0,3258654.19078144,106398922782.77855
2025-08-14 09:00:00,32670.0,33110.0,29560.0,31260.0,2733123.46067588,86582361440.33203
2025-08-15 09:00:00,31260.0,31950.0,29850.0,30450.0,1122434.05014493,34686087297.201744
2025-08-16 09:00:00,30440.0,31850.0,29710.0,31470.0,789069.57848607,24132391591.224335
2025-08-17 09:00:00,31470.0,36390.0,31010.0,35620.0,4307950.63640228,148200781102.0416
2025-08-18 09:00:00,35600.0,37130.0,33870.0,35810.0,5716214.83527873,202092566951.21555
2025-08-19 09:00:00,35860.0,35920.0,32660.0,32830.0,3888844.56335932,132274440932.34534
2025-08-20 09:00:00,32830.0,37430.0,32580.0,36870.0,5251574.41902793,184843937237.4065
2025-08-21 09:00:00,36820.0,37120.0,34580.0,34820.0,3195876.49283697,114917476126.72379
2025-08-22 09:00:00,34840.0,38550.0,33690.0,36960.0,5527212.43936832,199839002790.92743
2025-08-23 09:00:00,36960.0,36980.0,35390.0,36380.0,1868037.21823122,67269817674.175575
2025-08-24 09:00:00,36380.0,36710.0,35140.0,35880.0,1691884.39406908,60668401730.77934
2025-08-25 09:00:00,35860.0,36800.0,32810.0,33090.0,2142221.46904022,74870317447.25601
2025-08-26 09:00:00,33100.0,34600.0,32250.0,34140.0,1934098.93073996,64475163979.59532
2025-08-27 09:00:00,34140.0,34500.0,33000.0,33290.0,1188763.96799702,40273699189.02183
2025-08-28 09:00:00,33290.0,36220.0,32830.0,35130.0,3957295.29683264,138206528355.20303
2025-08-29 09:00:00,35130.0,35190.0,32390.0,32910.0,3043431.50282696,101372333464.05188
2025-08-30 09:00:00,32910.0,33030.0,31800.0,32780.0,931972.75984019,30226944156.14454
2025-08-31 09:00:00,32780.0,33450.0,32300.0,32310.0,843641.65633584,27857603159.16849
2025-09-01 09:00:00,32310.0,33150.0,30950.0,31420.0,1118725.8552863,35877895386.03251
2025-09-02 09:00:00,31410.0,32870.0,31170.0,32730.0,813830.67378787,26196927427.281677
2025-09-03 09:00:00,32730.0,33160.0,32350.0,32810.0,541275.21208871,17719956902.97754
2025-09-04 09:00:00,32810.0,33300.0,31200.0,31320.0,681297.8224347,21953619862.11494
2025-09-05 09:00:00,31370.0,32330.0,30960.0,31210.0,850124.61084894,26896068277.98282
2025-09-06 09:00:00,31210.0,31490.0,30740.0,31080.0,365624.31600583,11378541339.126177
2025-09-07 09:00:00,31110.0,31490.0,30930.0,31360.0,385661.98290085,12036050516.5956
2025-09-08 09:00:00,31350.0,32380.0,31070.0,32120.0,821628.8513306,26158211794.39379
2025-09-09 09:00:00,32120.0,32990.0,31870.0,32140.0,886904.52687202,28785075668.095364
2025-09-10 09:00:00,32140.0,33230.0,31960.0,32840.0,919070.95878221,30044615741.338932
2025-09-11 09:00:00,32830.0,34000.0,32500.0,34000.0,1325050.63673401,43938651210.91446
2025-09-12 09:00:00,33990.0,35100.0,33650.0,34840.0,1067562.26599396,36567305993.606606
2025-09-13 09:00:00,34850.0,35480.0,33880.0,34500.0,908969.45041649,31588080042.89397
2025-09-14 09:00:00,34490.0,34620.0,33140.0,33530.0,592398.12467405,20077192452.43653
2025-09-15 09:00:00,33530.0,33890.0,32100.0,32830.0,686163.64759368,22592827070.81962
2025-09-16 09:00:00,32830.0,33040.0,32250.0,32650.0,399351.09454155,13062865908.652061
2025-09-17 09:00:00,32650.0,33650.0,31750.0,33250.0,773779.0736908,25146115975.677483
2025-09-18 09:00:00,33250.0,34340.0,32900.0,34170.0,856321.22394096,28829000123.77996
2025-09-19 09:00:00,34170.0,34610.0,32630.0,32950.0,926630.18411396,31247574205.072556
2025-09-20 09:00:00,32950.0,33230.0,32380.0,32750.0,364510.5130389,11939168233.225039
2025-09-21 09:00:00,32740.0,32830.0,32130.0,32190.0,355300.42715631,11526075494.885414
2025-09-22 09:00:00,32190.0,32300.0,29920.0,30870.0,1139917.66903878,34972185371.970055
2025-09-23 09:00:00,30880.0,31340.0,30100.0,30630.0,619267.09746548,19100482862.2032
2025-09-24 09:00:00,30660.0,31100.0,30020.0,30630.0,424143.11674679,13024219865.81107
2025-09-25 09:00:00,30630.0,30700.0,28900.0,29230.0,810711.40435237,24166104885.164417
2025-09-26 09:00:00,29230.0,30470.0,29010.0,30370.0,512351.63037938,15176972915.191563
2025-09-27 09:00:00,30370.0,30450.0,29860.0,30070.0,173201.16008697,5226519047.955908
2025-09-28 09:00:00,30080.0,31060.0,29480.0,31050.0,224547.21266819,6790281483.718847
2025-09-29 09:00:00,31060.0,31240.0,30010.0,31000.0,395156.67211875,12114225558.932753
2025-09-30 09:00:00,31000.0,31210.0,30130.0,30410.0,303042.8689249,9278530977.070925
2025-10-01 09:00:00,30420.0,32110.0,30120.0,32040.0,567491.77015189,17773383286.484486
2025-10-02 09:00:00,32090.0,32670.0,31250.0,32290.0,702315.13871823,22501362226.65142
2025-10-03 09:00:00,32280.0,32570.0,31430.0,31900.0,585646.44100113,18699332065.662544
2025-10-04 09:00:00,31900.0,32080.0,31110.0,31490.0,322141.91091944,10138967266.772564
2025-10-05 09:00:00,31480.0,32520.0,31320.0,31580.0,513513.9896291,16448166388.053614
2025-10-06 09:00:00,31570.0,33480.0,30990.0,33280.0,827352.0994241,26626625993.998894
2025-10-07 09:00:00,33280.0,33850.0,31500.0,31600.0,949611.01409246,30993439604.08978
2025-10-08 09:00:00,31600.0,32640.0,31530.0,32630.0,353275.18568178,11306294303.406744
2025-10-09 09:00:00,32620.0,32750.0,31290.0,32130.0,543806.03979269,17343192590.286545
2025-10-10 09:00:00,32130.0,33150.0,25350.0,27230.0,1847024.34480644,54690274588.77601
2025-10-11 09:00:00,27230.0,28190.0,25700.0,26510.0,1302578.58286865,35111986721.27326
2025-10-12 09:00:00,26510.0,29230.0,25600.0,28700.0,961014.62432402,26412479117.1729
2025-10-13 09:00:00,28690.0,29980.0,28380.0,29580.0,716846.81017511,20928363030.17794
2025-10-14 09:00:00,29560.0,29910.0,27610.0,28740.0,848525.08937632,24222415816.8878
2025-10-15 09:00:00,28740.0,28940.0,27130.0,27500.0,636444.54848264,17888293873.680412
2025-10-16 09:00:00,27480.0,28130.0,26340.0,26620.0,556994.5190915,15180538529.319197
2025-10-17 09:00:00,26620.0,26990.0,24220.0,25490.0,1313199.09706276,33159232600.573322
2025-10-18 09:00:00,25530.0,25950.0,25320.0,25690.0,341368.91221021,8762452891.867754
2025-10-19 09:00:00,25660.0,26710.0,25090.0,26220.0,400759.34737942,10379831623.903608
2025-10-20 09:00:00,26200.0,28750.0,25760.0,27940.0,1240413.63027783,34591546023.819855
2025-10-21 09:00:00,27970.0,28480.0,26430.0,26520.0,1102929.9577803,30164349108.859673
2025-10-22 09:00:00,26520.0,26870.0,25500.0,26070.0,636895.66116811,16778541783.03862
2025-10-23 09:00:00,26070.0,26630.0,25770.0,26220.0,579008.51907214,15158945433.626541
2025-10-24 09:00:00,26220.0,27000.0,26020.0,26720.0,590594.19420331,15626202424.092567
2025-10-25 09:00:00,26710.0,26980.0,26550.0,26820.0,250191.77262926,6692824765.823804
2025-10-26 09:00:00,26830.0,27640.0,26430.0,27450.0,598766.91147755,16186048927.177042
2025-10-27 09:00:00,27440.0,28180.0,26870.0,26980.0,766162.59188361,21116986428.527573
2025-10-28 09:00:00,26980.0,27740.0,26090.0,26560.0,622157.34262762,16808496619.041506
2025-10-29 09:00:00,26570.0,27810.0,26280.0,27100.0,515471.992531,13876977819.311737
2025-10-30 09:00:00,27100.0,27430.0,24900.0,25510.0,889720.89901098,23308500296.888405
2025-10-31 09:00:00,25500.0,26100.0,25210.0,25810.0,443198.97572488,11391363054.192036
2025-11-01 09:00:00,25830.0,25990.0,25390.0,25550.0,226462.92167849,5822557689.375118
2025-11-02 09:00:00,25560.0,26200.0,25340.0,26070.0,320535.83534431,8259344944.71347
2025-11-03 09:00:00,26100.0,26180.0,22510.0,22700.0,1497454.10263071,35699689039.38348
2025-11-04 09:00:00,22720.0,23240.0,20600.0,22110.0,1586928.79845748,34901491796.24606
2025-11-05 09:00:00,22100.0,22950.0,20750.0,22650.0,1187631.03426308,26017543520.388268
2025-11-06 09:00:00,22640.0,22710.0,21370.0,22050.0,493989.22570877,10950408738.597116
2025-11-07 09:00:00,22050.0,24260.0,21470.0,23520.0,1123916.76847202,25611994639.85477
2025-11-08 09:00:00,23520.0,23930.0,22550.0,23150.0,640164.61095317,14955961228.181515
2025-11-09 09:00:00,23140.0,23900.0,22380.0,23630.0,557171.27817689,12937896885.18587
2025-11-10 09:00:00,23630.0,24690.0,23440.0,24230.0,753643.03617609,18170929055.306873
2025-11-11 09:00:00,24230.0,24850.0,22810.0,22880.0,668675.87307747,16013724770.995459
2025-11-12 09:00:00,22880.0,24210.0,22500.0,22860.0,545422.39820042,12704693635.906895
2025-11-13 09:00:00,22860.0,23920.0,21590.0,22080.0,798611.54937477,18190785361.643997
2025-11-14 09:00:00,22080.0,22120.0,20750.0,20980.0,932322.87493632,20037960837.542023
2025-11-15 09:00:00,20980.0,21610.0,20870.0,21330.0,259152.01753302,5516075493.349886
2025-11-16 09:00:00,21350.0,21770.0,20010.0,20440.0,549564.98076153,11411875528.890783
2025-11-17 09:00:00,20460.0,21300.0,19700.0,19930.0,750576.85888192,15340793238.421324
2025-11-18 09:00:00,19910.0,20720.0,19500.0,20430.0,822368.39749466,16419529580.007448
2025-11-19 09:00:00,20420.0,20500.0,19110.0,20170.0,820113.52417437,16273805218.32639
2025-11-20 09:00:00,20170.0,20820.0,19230.0,19370.0,746441.87383143,14917349086.458809
2025-11-21 09:00:00,19380.0,19730.0,17480.0,18200.0,1637049.20837709,30135353973.50929
2025-11-22 09:00:00,18200.0,18490.0,17680.0,18290.0,438302.6276522,7903690445.270302
2025-11-23 09:00:00,18290.0,19360.0,18200.0,19010.0,575775.7284836,10875361098.427542
2025-11-24 09:00:00,19030.0,19830.0,18620.0,19460.0,586953.05866762,11264675917.696272
2025-11-25 09:00:00,19460.0,19750.0,18870.0,19560.0,535921.87562121,10369006528.444893
2025-11-26 09:00:00,19560.0,20130.0,19130.0,20100.0,379643.67697955,7453187001.017501
2025-11-27 09:00:00,20100.0,20290.0,19800.0,20020.0,358224.35938,7173763427.99705
2025-11-28 09:00:00,19980.0,20260.0,19650.0,19730.0,374631.73615066,7465379542.734085
2025-11-29 09:00:00,19720.0,19840.0,19340.0,19440.0,223903.6645151,4387763528.618918
2025-11-30 09:00:00,19440.0,20060.0,19360.0,19450.0,262232.34643939,5168098992.578136
2025-12-01 09:00:00,19440.0,19500.0,17620.0,18080.0,840733.5318358,15344944583.180155
2025-12-02 09:00:00,18070.0,20200.0,17920.0,19980.0,649342.58510346,12343732457.05449
2025-12-03 09:00:00,19980.0,21870.0,19950.0,21730.0,1079408.32985532,22850065095.22404
2025-12-04 09:00:00,21770.0,22200.0,20880.0,21290.0,552993.26693871,11961597171.561846
2025-12-05 09:00:00,21250.0,21490.0,20030.0,20370.0,461729.25948143,9622465171.991716
2025-12-06 09:00:00,20360.0,21050.0,20190.0,20820.0,256502.96697961,5267242098.33121
2025-12-07 09:00:00,20820.0,21130.0,19730.0,20460.0,512405.05347075,10503002949.730932
2025-12-08 09:00:00,20450.0,21250.0,20230.0,20500.0,364941.21563232,7562449377.017248
2025-12-09 09:00:00,20500.0,22170.0,20180.0,21310.0,530157.26622481,11209136320.412786
2025-12-10 09:00:00,21350.0,22040.0,20740.0,20940.0,545403.19526343,11586591980.409168
2025-12-11 09:00:00,20960.0,21090.0,20030.0,20900.0,541958.02851999,11062956685.281342
2025-12-12 09:00:00,20890.0,21340.0,19910.0,20370.0,458218.64334169,9467619573.408504
2025-12-13 09:00:00,20400.0,20820.0,20290.0,20520.0,194219.99250562,3985794622.193415
2025-12-14 09:00:00,20500.0,20610.0,19610.0,19850.0,303412.41624463,6112460324.37039
2025-12-15 09:00:00,19870.0,20440.0,18670.0,19220.0,656234.70272538,12797577596.766468
2025-12-16 09:00:00,19210.0,19520.0,18690.0,19230.0,500467.9482761,9569400165.438034
2025-12-17 09:00:00,19230.0,19580.0,18150.0,18300.0,687817.56912134,12945682010.678244
2025-12-18 09:00:00,18290.0,19140.0,17560.0,17750.0,677678.83763945,12376827469.93049
2025-12-19 09:00:00,17750.0,18960.0,17620.0,18660.0,504006.8389637,9235374747.561049
2025-12-20 09:00:00,18660.0,18960.0,18590.0,18710.0,240348.8272709,4506665049.584081
2025-12-21 09:00:00,18690.0,18920.0,18230.0,18490.0,316180.53917088,5861843837.8208475
2025-12-22 09:00:00,18510.0,19270.0,18390.0,18780.0,375300.68332819,7051595915.594768
2025-12-23 09:00:00,18770.0,18930.0,18030.0,18500.0,347920.22273419,6412619254.847312
2025-12-24 09:00:00,18500.0,18500.0,17770.0,18110.0,330981.59272513,5976301085.161677
2025-12-25 09:00:00,18090.0,18280.0,17660.0,17760.0,253338.40294714,4561534859.739378
2025-12-26 09:00:00,17760.0,18330.0,17700.0,17880.0,348181.34241049,6264237492.728749
2025-12-27 09:00:00,17870.0,18310.0,17820.0,18260.0,182563.33630192,3277332216.848889
2025-12-28 09:00:00,18280.0,18340.0,17960.0,18170.0,198509.99219597,3606360293.90008
2025-12-29 09:00:00,18180.0,18810.0,17860.0,17940.0,471373.97160331,8616111121.126883
2025-12-30 09:00:00,17920.0,18300.0,17800.0,18050.0,235157.03157024,4243038089.657302
2025-12-31 09:00:00,18040.0,18180.0,17800.0,17850.0,215026.34040618,3869563056.599185
2026-01-01 09:00:00,17850.0,18350.0,17750.0,18280.0,236826.98328549,4264653484.61192
2026-01-02 09:00:00,18280.0,19400.0,18260.0,19190.0,523193.59089164,9860811872.983246
2026-01-03 09:00:00,19190.0,19370.0,18750.0,19150.0,519983.00679426,9914958978.746498
2026-01-04 09:00:00,19140.0,19640.0,19110.0,19420.0,521678.20074501,10103343007.344969
2026-01-05 09:00:00,19420.0,20450.0,19400.0,20170.0,671573.28465921,13332987113.30191
2026-01-06 09:00:00,20170.0,20620.0,19630.0,20420.0,801392.45407361,16105770712.813412
2026-01-07 09:00:00,20400.0,20410.0,19400.0,19590.0,534691.9577742,10618516246.17782
2026-01-08 09:00:00,19590.0,19790.0,19070.0,19350.0,399070.93522808,7731400083.594104
2026-01-09 09:00:00,19350.0,19720.0,19170.0,19350.0,290643.5277433,5642599469.060939
2026-01-10 09:00:00,19350.0,19540.0,19230.0,19380.0,136745.64276061,2650748572.688543
2026-01-11 09:00:00,19380.0,19650.0,19250.0,19430.0,195524.91080409,3803753141.6134305
2026-01-12 09:00:00,19400.0,19880.0,19100.0,19320.0,321263.2763938,6264204948.361407
2026-01-13 09:00:00,19310.0,20740.0,19250.0,20600.0,423360.78492149,8442815078.917419
2026-01-14 09:00:00,20570.0,21040.0,20330.0,20690.0,378233.19968097,7815862851.058304
2026-01-15 09:00:00,20670.0,20840.0,20020.0,20310.0,385630.70081262,7890280255.122014
2026-01-16 09:00:00,20300.0,20470.0,19920.0,20290.0,187716.46779602,3788492970.74694
2026-01-17 09:00:00,20270.0,20520.0,20140.0,20270.0,204383.94645363,4149683138.788923
2026-01-18 09:00:00,20290.0,20520.0,19740.0,19750.0,235753.44797307,4765855071.240021
2026-01-19 09:00:00,19750.0,19750.0,18600.0,19070.0,492328.9177397,9371172392.396988
2026-01-20 09:00:00,19070.0,19130.0,18010.0,18090.0,459442.8241034,8522114916.162987
2026-01-21 09:00:00,18070.0,18760.0,17720.0,18350.0,502390.57002676,9162530828.876707
2026-01-22 09:00:00,18350.0,18620.0,18010.0,18210.0,246132.37277117,4521941956.214727
2026-01-23 09:00:00,18210.0,18460.0,17880.0,18000.0,278204.18975649,5051770433.4040785
2026-01-24 09:00:00,18000.0,18100.0,17920.0,17990.0,146746.20753699,2643738320.9152117
2026-01-25 09:00:00,17990.0,18030.0,16910.0,17090.0,603712.42612546,10538877823.050545
2026-01-26 09:00:00,17090.0,17730.0,17030.0,17520.0,272694.63001254,4727163429.217032
2026-01-27 09:00:00,17510.0,17790.0,17300.0,17510.0,267381.20597557,4679946745.505146
2026-01-28 09:00:00,17510.0,17540.0,16960.0,17110.0,343797.96764283,5927594115.898616
2026-01-29 09:00:00,17130.0,17170.0,15930.0,16330.0,612960.26585747,10109113000.668823
2026-01-30 09:00:00,16340.0,16370.0,15600.0,16040.0,618507.50669027,9827823606.007292
2026-01-31 09:00:00,16040.0,16060.0,13570.0,14900.0,842375.71681417,12609177431.622942
2026-02-01 09:00:00,14920.0,15020.0,13630.0,13870.0,643659.25896985,9268424946.869715
2026-02-02 09:00:00,13870.0,14830.0,13400.0,14560.0,662501.09976144,9289448190.385973
2026-02-03 09:00:00,14560.0,14620.0,13530.0,14020.0,443668.17467035,6285411914.510413
2026-02-04 09:00:00,14020.0,14420.0,13400.0,13660.0,403434.87479926,5614725011.358957
2026-02-05 09:00:00,13660.0,13800.0,11560.0,11700.0,1218760.5545009,15423929616.257395
2026-02-06 09:00:00,11700.0,13400.0,10610.0,13210.0,1104878.82589255,13304398757.897615
2026-02-07 09:00:00,13220.0,13440.0,12650.0,13190.0,416700.83434516,5435720413.389212
2026-02-08 09:00:00,13180.0,13430.0,12990.0,13100.0,260412.23329824,3440273017.101486
2026-02-09 09:00:00,13110.0,13300.0,12530.0,13020.0,257416.48660451,3332111572.3787303
2026-02-10 09:00:00,13040.0,13130.0,12590.0,12720.0,342377.13541063,4388151119.669107
2026-02-11 09:00:00,12710.0,12750.0,12070.0,12300.0,384585.08302591,4754740200.873574
2026-02-12 09:00:00,12300.0,12590.0,12030.0,12340.0,367695.34235081,4553585687.911366
2026-02-13 09:00:00,12360.0,13040.0,12200.0,12830.0,381537.57493501,4800228507.719411
2026-02-14 09:00:00,12830.0,13530.0,12810.0,13410.0,412340.65277173,5444325049.578964
2026-02-15 09:00:00,13400.0,13690.0,12740.0,13030.0,615405.26303084,8175544052.392673
2026-02-16 09:00:00,13020.0,13320.0,12860.0,13220.0,271662.64223393,3543790182.778072
2026-02-17 09:00:00,13230.0,13310.0,12880.0,13080.0,207384.41819179,2715105610.448384
2026-02-18 09:00:00,13080.0,13280.0,12700.0,12780.0,220792.02050413,2867169094.4480696
2026-02-19 09:00:00,12770.0,12920.0,12350.0,12660.0,301169.26259743,3806386397.181825
2026-02-20 09:00:00,12660.0,13270.0,12480.0,13160.0,303744.9100016,3894420335.151203
2026-02-21 09:00:00,13180.0,13300.0,13020.0,13060.0,280069.40684945,3676254383.035127
2026-02-22 09:00:00,13060.0,13090.0,12660.0,12780.0,245197.13621499,3166134298.18371
2026-02-23 09:00:00,12780.0,12780.0,12060.0,12200.0,452650.96819942,5567042699.690422
2026-02-24 09:00:00,12200.0,12280.0,11830.0,12010.0,357057.75927498,4294535162.658682
2026-02-25 09:00:00,12010.0,13760.0,11970.0,13330.0,667507.58559548,8658993727.677662
2026-02-26 09:00:00,13340.0,13470.0,12820.0,13140.0,398008.36884964,5270775085.983162
2026-02-27 09:00:00,13140.0,13400.0,12540.0,12720.0,450062.92249726,5851336161.794292
2026-02-28 09:00:00,12730.0,13030.0,12020.0,12910.0,419209.28628131,5199438378.371897
2026-03-01 09:00:00,12910.0,13370.0,12480.0,12670.0,335685.6338467,4352256325.732437
2026-03-02 09:00:00,12670.0,13520.0,12580.0,13060.0,362334.6417523,4704306563.255206
2026-03-03 09:00:00,13090.0,13200.0,12630.0,12950.0,326197.30625141,4210859896.6295395
2026-03-04 09:00:00,12950.0,13960.0,12720.0,13550.0,527406.74078146,7023684196.938864
2026-03-05 09:00:00,13530.0,13920.0,13320.0,13490.0,346328.37174639,4713520762.735805
2026-03-06 09:00:00,13480.0,13630.0,12840.0,13010.0,315613.6558956,4192169160.1674194
2026-03-07 09:00:00,13010.0,13070.0,12790.0,12870.0,129554.92091148,1676688167.0358784
2026-03-08 09:00:00,12870.0,12980.0,12470.0,12620.0,288839.31967753,3674012858.584636
2026-03-09 09:00:00,12620.0,13330.0,12620.0,13010.0,325446.27448841,4209342797.3812547
2026-03-10 09:00:00,13010.0,13400.0,12980.0,13140.0,404043.45042819,5339502268.87563
2026-03-11 09:00:00,13160.0,13420.0,12960.0,13160.0,275296.36573591,3620267808.756255
2026-03-12 09:00:00,13150.0,13330.0,12980.0,13240.0,178834.74762259,2353180082.0491486
2026-03-13 09:00:00,13240.0,14040.0,13240.0,13380.0,494951.94378362,6738451784.226532
2026-03-14 09:00:00,13390.0,13540.0,13190.0,13520.0,188048.43384415,2504825183.125325
2026-03-15 09:00:00,13520.0,14000.0,13450.0,13940.0,202614.19845001,2764412318.0437756
2026-03-16 09:00:00,13940.0,14810.0,13800.0,14580.0,610051.04320249,8738419827.792564
2026-03-17 09:00:00,14590.0,14800.0,14260.0,14430.0,399295.55797209,5805045137.519018
2026-03-18 09:00:00,14460.0,14640.0,13530.0,13740.0,419176.21122716,5879761104.111671
2026-03-19 09:00:00,13740.0,13890.0,13250.0,13460.0,412313.25177244,5576615390.559778
2026-03-20 09:00:00,13470.0,13700.0,13410.0,13610.0,207380.89545941,2811519925.918114
2026-03-21 09:00:00,13610.0,13730.0,13200.0,13290.0,153493.37401398,2086516318.9426963
2026-03-22 09:00:00,13290.0,13470.0,12940.0,13060.0,204995.84637206,2704528888.468818
2026-03-23 09:00:00,13050.0,13780.0,12900.0,13510.0,395445.54826754,5272746712.25884
2026-03-24 09:00:00,13530.0,13820.0,13440.0,13780.0,262641.75168099,3590766682.491287
2026-03-25 09:00:00,13780.0,14170.0,13690.0,14000.0,288984.63735094,4025588975.8232675
2026-03-26 09:00:00,14010.0,14030.0,13340.0,13470.0,268520.48573587,3661395731.7887473
2026-03-27 09:00:00,13470.0,13550.0,12900.0,13030.0,290071.34023145,3822460071.511744
2026-03-28 09:00:00,13050.0,13180.0,12750.0,12820.0,159647.02110356,2069381995.3410506
2026-03-29 09:00:00,12820.0,13010.0,12530.0,12780.0,210698.83206363,2701846707.1130695
2026-03-30 09:00:00,12800.0,13530.0,12780.0,13110.0,258771.66675697,3414247043.3330283
2026-03-31 09:00:00,13110.0,13460.0,13000.0,13280.0,251488.46074862,3330287938.8938513
2026-04-01 09:00:00,13290.0,13800.0,13230.0,13550.0,250431.31642116,3392592045.0115385
2026-04-02 09:00:00,13540.0,13640.0,12860.0,13120.0,351761.28445301,4601581434.767574
2026-04-03 09:00:00,13120.0,13350.0,13050.0,13150.0,160978.53635113,2120268993.1732106
2026-04-04 09:00:00,13150.0,13300.0,13080.0,13180.0,84772.61301272,1115171370.297978
2026-04-05 09:00:00,13200.0,13400.0,12900.0,13320.0,133581.62430448,1747370607.6123133
2026-04-06 09:00:00,13330.0,13730.0,13180.0,13280.0,251114.65073322,3391703057.836919
2026-04-07 09:00:00,13280.0,14020.0,12930.0,13850.0,361802.92609954,4820898957.480359
2026-04-08 09:00:00,13850.0,13900.0,13180.0,13190.0,291295.74234408,3953610234.82616
2026-04-09 09:00:00,13200.0,13580.0,12960.0,13290.0,324730.75329144,4269486740.615304
2026-04-10 09:00:00,13280.0,13610.0,13240.0,13480.0,191963.77353899,2572931873.028124
2026-04-11 09:00:00,13470.0,13750.0,13340.0,13480.0,168102.37776321,2268704655.7931056
2026-04-12 09:00:00,13470.0,13490.0,12980.0,13070.0,230570.39095643,3026896687.6384454
2026-04-13 09:00:00,13050.0,13880.0,12970.0,13790.0,355983.84194564,4729252027.355153
2026-04-14 09:00:00,13800.0,13840.0,13240.0,13350.0,351394.76995999,4756025994.375006
2026-04-15 09:00:00,13350.0,13820.0,13330.0,13670.0,209269.0892004,2830287927.668686
2026-04-16 09:00:00,13680.0,14250.0,13530.0,14150.0,470423.94432477,6508734467.074589
2026-04-17 09:00:00,14150.0,14460.0,13810.0,14170.0,452372.79737884,6407065341.526795
2026-04-18 09:00:00,14160.0,14250.0,13740.0,13780.0,273718.59153302,3829224506.454633
2026-04-19 09:00:00,13800.0,13940.0,13430.0,13510.0,237749.34416001,3245452353.8677793
2026-04-20 09:00:00,13500.0,13890.0,13500.0,13770.0,200188.34260021,2738230479.4811993
2026-04-21 09:00:00,13750.0,14010.0,13670.0,13940.0,225233.0247762,3120979763.621063
2026-04-22 09:00:00,13920.0,14130.0,13770.0,13790.0,440694.56576059,6173480611.564878
2026-04-23 09:00:00,13790.0,13920.0,13600.0,13900.0,247478.85547006,3400369110.3405538
2026-04-24 09:00:00,13900.0,14020.0,13780.0,13970.0,180331.3203103,2504459587.837193
2026-04-25 09:00:00,13970.0,14060.0,13850.0,13930.0,118648.30490888,1659222767.9059293
2026-04-26 09:00:00,13920.0,14140.0,13840.0,14060.0,136976.68483763,1917351611.8133934
2026-04-27 09:00:00,14070.0,14200.0,13650.0,13900.0,280578.10841252,3892742845.4476843
2026-04-28 09:00:00,13900.0,13900.0,13620.0,13730.0,147395.24202532,2025255706.584626
2026-04-29 09:00:00,13730.0,13990.0,13370.0,13640.0,237981.87190556,3261740532.732171
2026-04-30 09:00:00,13650.0,13710.0,13460.0,13570.0,157780.64309019,2144299045.24893
2026-05-01 09:00:00,13580.0,13750.0,13470.0,13500.0,177644.3580904,2416940315.9794726
2026-05-02 09:00:00,13510.0,13690.0,13440.0,13590.0,168440.81903954,2281118536.293838
2026-05-03 09:00:00,13590.0,13650.0,13470.0,13540.0,171179.43020973,2320326953.762474
2026-05-04 09:00:00,13530.0,14250.0,13490.0,13900.0,542767.34597026,7542578260.450593
2026-05-05 09:00:00,13900.0,14560.0,13890.0,14440.0,564382.903267,8052022573.679646
2026-05-06 09:00:00,14450.0,14960.0,14360.0,14650.0,587682.01284343,8609120642.649738
2026-05-07 09:00:00,14670.0,14870.0,14450.0,14510.0,453123.49884871,6627795152.722185
2026-05-08 09:00:00,14510.0,15460.0,14430.0,15250.0,555778.46514608,8251776455.376555
2026-05-09 09:00:00,15230.0,15650.0,15180.0,15300.0,479082.08589022,7390669903.907122
2026-05-10 09:00:00,15280.0,15900.0,15170.0,15720.0,592313.44442202,9191556028.229391
2026-05-11 09:00:00,15710.0,15800.0,15340.0,15590.0,440000.68207277,6849059107.319228
2026-05-12 09:00:00,15570.0,15620.0,15000.0,15250.0,476836.66651082,7297926945.702657
2026-05-13 09:00:00,15220.0,15960.0,14950.0,15190.0,582980.09511398,8988226089.649332
2026-05-14 09:00:00,15190.0,15910.0,14980.0,15480.0,549322.26349722,8461210589.15289
2026-05-15 09:00:00,15500.0,15630.0,14830.0,15010.0,473436.91836435,7180322384.088568
2026-05-16 09:00:00,15000.0,15050.0,14340.0,14520.0,423917.96770856,6181480652.750496
2026-05-17 09:00:00,14500.0,14700.0,13960.0,14260.0,324649.0216957,4686388989.797394
2026-05-18 09:00:00,14280.0,14290.0,13880.0,14280.0,479695.84438962,6767381098.068312
2026-05-19 09:00:00,14270.0,14640.0,14060.0,14080.0,380390.80242812,5447177336.380063
2026-05-20 09:00:00,14080.0,14370.0,13980.0,14290.0,345946.33662864,4918545748.229257
2026-05-21 09:00:00,14290.0,14600.0,14160.0,14500.0,412236.13116743,5924407741.315561
2026-05-22 09:00:00,14490.0,14950.0,14040.0,14140.0,643563.93358035,9357269934.042707
2026-05-23 09:00:00,14130.0,14570.0,13620.0,14310.0,702865.17439292,9852353477.969164
2026-05-24 09:00:00,14310.0,14420.0,13860.0,14120.0,354040.42026005,5034943017.782349
2026-05-25 09:00:00,14130.0,14370.0,14010.0,14130.0,264454.43900809,3750223717.738414
2026-05-26 09:00:00,14130.0,14320.0,13890.0,13910.0,488233.47936499,6864869619.016986
2026-05-27 09:00:00,13910.0,14010.0,13400.0,13450.0,616202.82518867,8484797894.2464285
2026-05-28 09:00:00,13440.0,13510.0,12950.0,13290.0,712573.31374659,9397846028.78434
2026-05-29 09:00:00,13280.0,13500.0,13040.0,13370.0,546434.3268565,7264977310.627511
2026-05-30 09:00:00,13370.0,13840.0,13370.0,13610.0,924382.3287183,12563230756.426512
2026-05-31 09:00:00,13620.0,13780.0,13280.0,13480.0,539011.00280249,7318913547.824277
2026-06-01 09:00:00,13450.0,13560.0,12980.0,13220.0,550004.51381046,7278316308.648233
2026-06-02 09:00:00,13220.0,13250.0,12220.0,12370.0,768377.84463143,9814105605.996584
2026-06-03 09:00:00,12390.0,12760.0,12060.0,12350.0,781135.55019027,9740424756.63453
2026-06-04 09:00:00,12350.0,12450.0,11630.0,11970.0,836147.17063081,10039126274.594141
2026-06-05 09:00:00,11970.0,12010.0,10890.0,11210.0,879067.04423787,10005861044.369299
2026-06-06 09:00:00,11220.0,11350.0,10680.0,11240.0,403347.84645496,4464365112.171075
2026-06-07 09:00:00,11250.0,12130.0,11200.0,11950.0,351827.56034476,4117885689.2275825
2026-06-08 09:00:00,11950.0,12150.0,11630.0,11990.0,285506.03906048,3399256088.17315
2026-06-09 09:00:00,12000.0,12030.0,11540.0,11760.0,308461.84383807,3634757127.383379
2026-06-10 09:00:00,11760.0,11800.0,11490.0,11730.0,88767.43154985,1032077036.541627
